date,text,ticker,company_name,source,subreddit,upvotes,comments
2024-03-04T19:29:11.896Z,Magnificent 7 or Magnificent 1?,META,META,reddit,wallstreetbets,17623331,4641
2025-01-30T14:47:13.760Z,IV Wiped Me Clean - Where do you want your fries?,META,META,reddit,wallstreetbets,17623341,4626
2024-04-30T16:03:31.506Z,Why I'm getting AMZN calls for today's earnings,META,META,reddit,wallstreetbets,17623334,4654
2024-10-25T20:17:24.454Z,Weekly Earnings thread 10/28 - 11/1,META,META,reddit,wallstreetbets,17623331,4641
2024-08-01T18:08:52.057Z,"Amazon's earnings are today, what are we doing?",META,META,reddit,wallstreetbets,17623331,4654
2024-05-01T18:50:22.358Z,Well after 3 months Iâ€™m done,META,META,reddit,wallstreetbets,17623336,4683
2025-01-14T19:42:07.052Z,Meta is cutting 5% of its â€˜lowest performersâ€™,META,META,reddit,wallstreetbets,17623330,4641
2024-04-09T14:41:17.624Z,"Have your boomer parents or uber started talking about NVDA, AI? Is it time exit this ride.",META,META,reddit,wallstreetbets,17623331,4641
2025-01-31T19:39:32.035Z,Average WSB user making decisions this week,META,META,reddit,wallstreetbets,17623331,4641
2025-01-30T14:59:23.329Z,50k. Less than 1 month. Here are my plays that hit.,META,META,reddit,wallstreetbets,17623331,4654
2024-07-10T06:16:35.562Z,Tesla takes short sellers to the cleaners,META,META,reddit,wallstreetbets,17623336,4683
2024-07-19T10:31:46.748Z,Meta in talks to buy 5% stake in Ray-Ban maker Essilor Luxottica,META,META,reddit,wallstreetbets,17623341,4610
2024-03-12T15:12:48.482Z,Fella I knew accidentally made the best PUT on NVDA possible,META,META,reddit,wallstreetbets,17623341,4626
2024-07-12T16:39:41.601Z,"Buy high, sell higher!",META,META,reddit,wallstreetbets,17623331,4641
2024-12-19T01:53:32.475Z,It's over,META,META,reddit,wallstreetbets,17623337,4683
2024-04-25T18:34:07.057Z,Meta puts,META,META,reddit,wallstreetbets,17623337,4683
2024-02-02T02:03:04.992Z,Bought one hour before market closed.,META,META,reddit,wallstreetbets,17623336,4683
2024-12-18T21:21:56.025Z,UNH is fighting for itâ€™s life in the trenches,META,META,reddit,wallstreetbets,17623331,4641
2024-04-13T01:27:30.736Z,Call Credit Spreads 3 Month Update. $58k - $204k,META,META,reddit,wallstreetbets,17623334,4654
2024-11-06T12:57:57.934Z,Zuck gets cucked by a rare species of bee,META,META,reddit,wallstreetbets,17623337,4683
2024-05-22T20:18:26.747Z,My goal was $12k â€”>$50k by July. New goal $100k,META,META,reddit,wallstreetbets,17623331,4641
2024-03-05T02:49:08.920Z,What's up with Google?,META,META,reddit,wallstreetbets,17623331,4641
2024-12-26T17:20:08.401Z,With 2024 coming to an end. What is your 2024YTD portfolio return? did you beat your benchmark?,META,META,reddit,wallstreetbets,17623337,4683
2024-06-01T02:20:43.059Z,High Beta Meta,META,META,reddit,wallstreetbets,17623331,4654
2024-02-09T13:25:56.135Z,Nvidia chases $30 billion custom chip market with new unit,META,META,reddit,wallstreetbets,17623334,4654
2024-02-02T17:03:38.852Z,META ðŸš€ðŸš€ðŸš€,META,META,reddit,wallstreetbets,17623337,4683
2024-04-24T20:29:53.422Z,Please donâ€™t hurt me thetagang,META,META,reddit,wallstreetbets,17623341,4610
2024-04-25T01:22:58.053Z,Meta's metaverse has lost $46 billion,META,META,reddit,wallstreetbets,17623330,4641
2024-06-16T02:08:41.530Z,True true,META,META,reddit,wallstreetbets,17623331,4641
2024-03-02T06:47:08.203Z,Keep this clown stock away from the S&P,META,META,reddit,wallstreetbets,17623331,4654
2024-04-27T01:51:45.618Z,This Week In Summary,META,META,reddit,wallstreetbets,17623341,4610
2024-03-18T05:34:14.748Z,LOSS PORN FROM FRIDAY,META,META,reddit,wallstreetbets,17623341,4626
2024-05-16T05:54:13.367Z,2AM Cannabis DD,META,META,reddit,wallstreetbets,17623341,4626
2024-02-02T20:57:09.757Z,Meta - kicking myself for not buying more,META,META,reddit,wallstreetbets,17623331,4641
2024-02-01T23:43:35.748Z,Back to the Wendyâ€™s dumpster I guess ðŸ˜”,META,META,reddit,wallstreetbets,17623331,4654
2024-02-20T18:00:13.137Z,Ramen noodles for the rest of the yearâ€¦â€¦,META,META,reddit,wallstreetbets,17623341,4610
2024-07-31T18:27:45.138Z,Why I'm playing META calls today,META,META,reddit,wallstreetbets,17623337,4683
2025-01-12T15:52:57.372Z,$META and $GOOG,META,META,reddit,wallstreetbets,17623331,4641
2024-02-19T21:57:46.892Z,"NVDA DD: Earnings Week, contradicting signals.",META,META,reddit,wallstreetbets,17623336,4683
2024-05-04T15:00:33.425Z,My entire portfolio was liquidated in minutes (huge mistake with stop loss!),META,META,reddit,wallstreetbets,17623331,4641
2024-06-24T17:52:24.190Z,NVDA gods send a gift my way,META,META,reddit,wallstreetbets,17623331,4641
2024-11-02T15:17:45.274Z,Why I think TSM/INTC will outpace NVDA/AMD growth in the next decade.,META,META,reddit,wallstreetbets,17623331,4641
2025-01-28T15:07:03.823Z,Gg boys. Iâ€™ll be rich by tomorrow or be homeless. YOLO 35k OPTIONS on QQQ META AAPL AMZN NVDA DJT,META,META,reddit,wallstreetbets,17623331,4654
2024-03-12T02:44:49.457Z,"Google DD - king of AI, the end of woke",META,META,reddit,wallstreetbets,17623337,4683
2024-06-23T19:52:24.628Z,"Apple, Meta have discussed an AI partnership",META,META,reddit,wallstreetbets,17623331,4654
2025-01-27T22:18:07.149Z,Nvidiaâ€™s $590 Billion DeepSeek Rout Is Largest in Market History,META,META,reddit,wallstreetbets,17623331,4641
2024-07-09T14:36:18.048Z,Never gave up 7k gain this week,META,META,reddit,wallstreetbets,17623331,4641
2024-04-24T21:16:01.404Z,META -17% post market. RIP Calls,META,META,reddit,wallstreetbets,17623336,4683
2024-02-05T15:05:37.903Z,Up almost 26k after a rough start,META,META,reddit,wallstreetbets,17623334,4654
2024-04-24T02:32:09.607Z,Senate just passed the potential TikTok ban bill. Calls on META,META,META,reddit,wallstreetbets,17623336,4683
2025-01-27T13:55:01.055Z,Sell side analyst notes on NVDA this morning,META,META,reddit,wallstreetbets,17623336,4683
2024-02-01T21:34:00.510Z,CRAMER said he screwed up and sell Meta on Oct 2022.,META,META,reddit,wallstreetbets,17623337,4683
2024-02-23T06:18:57.361Z,"Right now, Nvidia's Price-to-Sales ratio is literally 10x Amazon. Yet it's still worth more than META and Tesla COMBINED. A crash is coming.",META,META,reddit,wallstreetbets,17623331,4654
2024-04-22T00:27:09.170Z,BIG WEEK AHEAD,META,META,reddit,wallstreetbets,17623334,4654
2024-04-04T20:12:54.982Z,"Imo, puts on DJT",META,META,reddit,wallstreetbets,17623336,4683
2024-04-18T08:03:21.787Z,Boeing's whistleblower vs Tesla's Whistleblower: a tale of Two Companies,META,META,reddit,wallstreetbets,17623334,4654
2024-02-02T11:59:55.318Z,That's a big ..... (Fill in the blanks),META,META,reddit,wallstreetbets,17623331,4641
2024-11-28T03:12:08.036Z,$HIMS is about to get absolutely wrecked. ,META,META,reddit,wallstreetbets,17623331,4641
2024-07-11T22:16:29.328Z,"And I bought calls, who else?",META,META,reddit,wallstreetbets,17623331,4641
2024-04-25T13:47:56.480Z,META PUTS,META,META,reddit,wallstreetbets,17623341,4626
2024-02-17T17:00:41.107Z,+$47k on options for the week,META,META,reddit,wallstreetbets,17623334,4654
2025-01-27T19:10:57.362Z,Deepseek is good for $NVDA - Here's why,META,META,reddit,wallstreetbets,17623336,4683
2024-04-26T14:19:07.701Z,My fifth play on Tech Companies. TSLA âœ… GOOGâœ… METAâœ… MSFTâŒ APPLE â“,META,META,reddit,wallstreetbets,17623341,4626
2024-07-31T21:08:48.334Z,Meta Earnings Deliver: Stock Jumps As Profits Soar 73%,META,META,reddit,wallstreetbets,17623331,4641
2024-04-29T01:22:37.605Z,$AMZN Earnings Tuesday,META,META,reddit,wallstreetbets,17623337,4683
2024-04-23T03:41:37.951Z,Meta Platforms gets billions from China without headaches many U.S. companies face there,META,META,reddit,wallstreetbets,17623331,4641
2024-10-31T23:07:53.260Z,"Come on folks, this was such an obvious outcome",META,META,reddit,wallstreetbets,17623330,4641
2024-04-24T15:28:41.936Z,"$META will crush earnings, play $SNAP for overnight gains",META,META,reddit,wallstreetbets,17623336,4683
2024-12-19T02:15:05.594Z,Are you shitting me rn,META,META,reddit,wallstreetbets,17623330,4641
2025-01-24T14:47:19.231Z,Meta Plans To Channel Up To $65 Billion In Capital Expenditures This Year,META,META,reddit,wallstreetbets,17623331,4654
2024-03-25T19:57:42.212Z,You guys are idiots for downplaying RDDT,META,META,reddit,wallstreetbets,17623331,4641
2024-02-01T22:09:48.423Z,I thought I was gonna print on my $META puts,META,META,reddit,wallstreetbets,17623331,4641
2025-01-11T19:20:39.775Z,Meta 8000% in 3hrs,META,META,reddit,wallstreetbets,17623331,4641
2024-07-16T14:36:58.476Z,NuScale ($SMR) - Worldâ€™s Most Obvious Connection Goes Unnoticed (DD?),META,META,reddit,wallstreetbets,17623336,4683
2024-02-03T01:25:42.302Z,$META is the third options contract I ever bought....think I'm hooked.,META,META,reddit,wallstreetbets,17623331,4641
2024-12-18T21:23:50.208Z,"â€œHey Wife, look what I did today at work!â€ -JPOW",META,META,reddit,wallstreetbets,17623330,4641
2024-04-27T06:53:05.564Z,Had TSLA puts so they cancelled out,META,META,reddit,wallstreetbets,17623341,4610
2024-09-14T14:40:12.965Z,PACS: Prestige acquisition finalized so earnings will soar,META,META,reddit,wallstreetbets,17623341,4610
2025-01-28T21:50:27.876Z,My biggest bet yet on tmrs earnings,META,META,reddit,wallstreetbets,17623337,4683
2024-08-22T15:07:22.701Z,"Iâ€™d LIKE to say Iâ€™ll stop trading on Fridays, but then I wouldnâ€™t belong here",META,META,reddit,wallstreetbets,17623341,4610
2024-05-03T14:25:57.823Z,Another Meta scalp,META,META,reddit,wallstreetbets,17623331,4641
2025-01-29T03:16:58.313Z,Microsoft and OpenAI Probing If DeepSeek-Linked Group Improperly Obtained OpenAI Data,META,META,reddit,wallstreetbets,17623331,4641
2024-09-11T00:09:10.071Z,META Gains : 625K,META,META,reddit,wallstreetbets,17623337,4683
2024-07-05T14:51:41.772Z,Long-term investor gains,META,META,reddit,wallstreetbets,17623331,4641
2024-04-08T03:26:34.954Z,This week's game - a secular rally coming?,META,META,reddit,wallstreetbets,17623341,4626
2024-02-01T21:59:19.499Z,fuckâ€¦.,META,META,reddit,wallstreetbets,17623331,4654
2024-07-27T00:07:59.676Z,NVDA YOLO - We win by keeping our heads on when others lose theirs,META,META,reddit,wallstreetbets,17623336,4683
2024-11-18T15:26:03.070Z,Trump taps big tech critic Carr to lead US communications agency,META,META,reddit,wallstreetbets,17623331,4641
2024-07-26T03:14:41.417Z,The media came up with new bullshit: the great rotation.,META,META,reddit,wallstreetbets,17623337,4683
2024-04-24T18:56:44.561Z,YOLOing my entire portfolio (Â£16k) on META before earnings,META,META,reddit,wallstreetbets,17623331,4641
2024-09-11T18:35:48.417Z,Nvidia CEO Says Customer Relations Are â€˜Tenseâ€™ Due to Shortages,META,META,reddit,wallstreetbets,17623334,4654
2024-09-15T11:10:49.094Z,Australia plans to ban social media for teens,META,META,reddit,wallstreetbets,17623331,4641
2024-02-26T16:34:54.095Z,Thoughts?,META,META,reddit,wallstreetbets,17623331,4641
2025-01-02T01:02:51.276Z,lol - meta to build ai profiles to boost engagement. Thoughts my chads and chaddettes?,META,META,reddit,wallstreetbets,17623341,4626
2024-05-03T23:36:40.469Z,DIS (Disney) will fall 10%+ on earnings because:,META,META,reddit,wallstreetbets,17623331,4641
2024-11-25T04:37:01.163Z,Anyone else never made money from options?,META,META,reddit,wallstreetbets,17623331,4641
2024-10-29T15:08:04.500Z,Sell or double down before earnings ?,META,META,reddit,wallstreetbets,17623341,4626
2024-02-13T21:41:30.258Z,Why I Believe Nvidia Will Continue To Grow For The Remainder of 2024,META,META,reddit,wallstreetbets,17623341,4610
2024-02-02T15:04:40.744Z,META,META,META,reddit,wallstreetbets,17623334,4654
2024-04-24T20:10:03.525Z,"META beats on top line & bottom line estimates,but down 11% in the AH!",META,META,reddit,wallstreetbets,17623331,4641
2024-02-02T17:48:14.971Z,Meta Yolo Win,META,META,reddit,wallstreetbets,17623337,4683
2024-03-22T16:02:01.160Z,NVDA market cap is getting very close to AAPL,META,META,reddit,wallstreetbets,17623336,4683
2024-04-30T16:20:09.156Z,Itâ€™s been a good run yâ€™all,META,META,reddit,wallstreetbets,17623331,4654
2024-06-19T19:01:49.133Z,AMD bull case.,META,META,reddit,wallstreetbets,17623334,4654
2024-02-04T17:01:04.666Z,you belong with me,META,META,reddit,wallstreetbets,17623331,4641
2024-04-25T13:36:08.502Z,60k Gain on Meta Puts,META,META,reddit,wallstreetbets,17623331,4641
2025-01-24T14:06:59.787Z,Weekly Earnings Thread 1/27 - 1/31,META,META,reddit,wallstreetbets,17623331,4641
2024-06-27T23:00:23.991Z,Meta must face lawsuit claiming it prefers hiring foreign workers,META,META,reddit,wallstreetbets,17623331,4654
2024-04-25T18:08:34.191Z,Small gambling account paying for steak ðŸ¥© tonight,META,META,reddit,wallstreetbets,17623337,4683
2024-06-05T01:33:55.308Z,"Consumer Apparel one month view, list on right side. Lulu oversold?",META,META,reddit,wallstreetbets,17623341,4626
2024-04-01T19:44:39.120Z,Puts on Meta,META,META,reddit,wallstreetbets,17623334,4654
2024-07-17T20:15:55.847Z,Todayâ€™s Close ðŸ§¯ðŸš’â›½ï¸,META,META,reddit,wallstreetbets,17623331,4654
2024-09-23T07:55:43.673Z,Best stocks to gamble uranium? Its time.,META,META,reddit,wallstreetbets,17623331,4654
2024-06-14T19:51:25.043Z,The market is NVDA. Put everything on NVDA and retire. Unstoppable stock,META,META,reddit,wallstreetbets,17623331,4641
2024-02-02T15:34:01.655Z,Iâ€™m zucking everywhere,META,META,reddit,wallstreetbets,17623337,4683
2024-08-22T00:40:55.872Z,The Millenial 40 (MILF) List,META,META,reddit,wallstreetbets,17623336,4683
2024-04-25T01:49:25.272Z,Actual footage of $META earningsâ€¦,META,META,reddit,wallstreetbets,17623331,4641
2024-08-07T19:07:40.915Z,How to make money on today's HOOD Earnings,META,META,reddit,wallstreetbets,17623341,4610
2024-04-28T14:22:29.643Z,Facebook Calls will send your bank account into the METAVERSE,META,META,reddit,wallstreetbets,17623331,4641
2024-02-02T22:01:14.790Z,Thanks Zuck,META,META,reddit,wallstreetbets,17623341,4610
2024-02-03T18:14:02.169Z,META 85C,META,META,reddit,wallstreetbets,17623341,4626
2024-06-04T14:43:48.441Z,Our current state,META,META,reddit,wallstreetbets,17623334,4654
2024-02-01T21:45:05.807Z,Never been so excited for markets to open tomorrow,META,META,reddit,wallstreetbets,17623331,4641
2024-02-02T01:07:16.677Z,Cramer apologizing for being wrong on Meta in 2022â€” now the stock is up 400%,META,META,reddit,wallstreetbets,17623331,4654
2024-10-17T19:30:19.691Z,"YoY: 56%, YTD: 35.6% - Living at home changed my life",META,META,reddit,wallstreetbets,17623331,4641
2024-10-17T20:52:08.308Z,$METAs quest for â€˜efficiencyâ€™ sparks new wave layoffs across departments,META,META,reddit,wallstreetbets,17623341,4626
2024-02-07T23:04:19.430Z,Not too bad ehhh,META,META,reddit,wallstreetbets,17623341,4610
2024-11-05T01:20:03.521Z,I love WSB,META,META,reddit,wallstreetbets,17623331,4641
2024-04-24T20:07:58.707Z,Beat TSLA EARNING YESTERDAY. Beat META EARNING TODAY.,META,META,reddit,wallstreetbets,17623334,4654
2024-03-19T18:04:40.127Z,DD: I DD'd the nvidia run up last year ($250->$700) and was right. Now I have a new prediction,META,META,reddit,wallstreetbets,17623330,4641
2024-02-02T21:32:44.580Z,Meta stock jumps 20% after earnings in biggest market-cap jump in stock market history,META,META,reddit,wallstreetbets,17623331,4641
2024-08-10T19:52:57.352Z,SPY/QQQ have another 30% upside before a major correction.,META,META,reddit,wallstreetbets,17623337,4683
2024-02-11T11:58:06.579Z,Finally up after loosing so much money last year!!,META,META,reddit,wallstreetbets,17623336,4683
2024-02-02T17:35:33.074Z,Lizard Man strikes again,META,META,reddit,wallstreetbets,17623341,4626
2024-02-02T20:03:14.572Z,$14k Gain in a Week,META,META,reddit,wallstreetbets,17623334,4654
2024-04-24T16:28:44.942Z,Meta short,META,META,reddit,wallstreetbets,17623341,4626
2024-06-27T13:46:49.324Z,Ainâ€™t nuthin betta then meta,META,META,reddit,wallstreetbets,17623331,4641
2024-07-30T22:34:27.068Z,Market Recap Today 07/30/2024 + MSFT/AMD Earnings,META,META,reddit,wallstreetbets,17623341,4626
2024-05-22T15:47:38.503Z,META Calls printed,META,META,reddit,wallstreetbets,17623337,4683
2024-06-22T02:00:35.327Z,To all that made bank off NVDA pootsðŸ»,META,META,reddit,wallstreetbets,17623341,4610
2024-09-29T04:30:18.608Z,I am getting better at this,META,META,reddit,wallstreetbets,17623334,4654
2024-04-25T16:16:37.232Z,Finally caught one,META,META,reddit,wallstreetbets,17623334,4654
2024-04-04T04:53:34.784Z,Google considers charging for AI-powered search in big change to business model,META,META,reddit,wallstreetbets,17623331,4654
2025-01-14T14:43:14.674Z,"Thx elon, thx tsla 5.8k -> 30k",META,META,reddit,wallstreetbets,17623341,4610
2024-05-23T19:32:39.087Z,Please don't put a pin in that balloon,META,META,reddit,wallstreetbets,17623330,4641
2024-07-05T16:10:16.659Z,More Zuck bucks,META,META,reddit,wallstreetbets,17623330,4641
2024-07-19T12:09:04.619Z,Bers won yet again,META,META,reddit,wallstreetbets,17623341,4626
2024-10-26T20:22:45.912Z,The absolute madness of Tesla,META,META,reddit,wallstreetbets,17623330,4641
2024-05-04T12:38:01.237Z,Attempting An Earnings Play Marathon,META,META,reddit,wallstreetbets,17623334,4654
2024-02-02T19:15:17.685Z,"Bears, what's the near-term catalyst for a correction?",META,META,reddit,wallstreetbets,17623331,4641
2024-02-02T02:53:12.493Z,"OK WHAT HAPPENED HERE, I WENT TO THE RESTROOM FOR A MOMENT(about 3 h)",META,META,reddit,wallstreetbets,17623341,4626
2024-09-12T14:07:34.122Z,4k to 18k (450%) Gain in 2 weeks trading $NVDA Puts. Be ready for some insane moves during rate cut week. AI Bubble on top of watch list.,META,META,reddit,wallstreetbets,17623341,4610
2025-01-10T18:19:59.497Z,Supreme Court Signals It Could Uphold TikTok Ban,META,META,reddit,wallstreetbets,17623330,4641
2024-07-26T00:05:02.438Z,I spend $4m a year facebook ads and I'm shorting $META earnings,META,META,reddit,wallstreetbets,17623331,4641
2025-01-06T23:18:34.208Z,The Oligarch Index,META,META,reddit,wallstreetbets,17623331,4641
2024-12-03T23:38:07.190Z,We could be rich,META,META,reddit,wallstreetbets,17623331,4654
2024-02-17T10:30:04.444Z,Big bubble burst coming?,META,META,reddit,wallstreetbets,17623331,4654
2024-02-02T14:36:05.277Z,LETS FUCKING GO DIAMOND HANDS,META,META,reddit,wallstreetbets,17623331,4641
2024-04-24T21:35:17.808Z,Maybe itâ€™s a good thing I didnâ€™t go all in on META calls,META,META,reddit,wallstreetbets,17623336,4683
2024-09-18T15:46:34.052Z,The Turning of the Tide,META,META,reddit,wallstreetbets,17623341,4610
2024-02-29T12:01:17.236Z,META insiders sold shares worth $822 mln in February. Record monthly sales volume for last 5 years.,META,META,reddit,wallstreetbets,17623341,4626
2024-06-20T01:51:10.209Z,Dell is Building a Monstrous AI Factory Powered by NVDA for Elonâ€™s xAI,META,META,reddit,wallstreetbets,17623337,4683
2024-08-03T11:36:54.858Z,Fed Olympics,META,META,reddit,wallstreetbets,17623330,4641
2024-03-25T17:56:49.290Z,60k > 600k Massive MU 10 bagger to put me at 2 commas.,META,META,reddit,wallstreetbets,17623330,4641
2024-03-16T01:30:44.192Z,What do you think?,META,META,reddit,wallstreetbets,17623330,4641
2024-04-24T21:28:48.298Z,Reaction after META earnings,META,META,reddit,wallstreetbets,17623331,4641
2024-03-16T21:04:38.301Z,My (ALMOST) Invincible Call Credit Spread Strategy,META,META,reddit,wallstreetbets,17623331,4641
2024-08-04T15:49:22.161Z,Apple Intelligence Has a Long Way to Go to Match Its Marketing Hype,META,META,reddit,wallstreetbets,17623337,4683
2024-03-31T19:22:50.432Z,META's AI knows and didn't want to tell,META,META,reddit,wallstreetbets,17623330,4641
2024-12-12T16:21:09.330Z,"Magnificent 7 return since 2010: 14,890% (Average)",META,META,reddit,wallstreetbets,17623331,4654
2024-04-24T20:17:36.267Z,Meta shares sink 11% on weak revenue guidance,META,META,reddit,wallstreetbets,17623331,4641
2024-04-15T19:21:10.029Z,Zuckerberg Sold Nearly Half a Billion Dollars of Meta Stock In Last Two Months,META,META,reddit,wallstreetbets,17623330,4641
2024-04-09T05:02:24.438Z,META Puts ($35K profit) into TSM Calls,META,META,reddit,wallstreetbets,17623336,4683
2024-04-21T01:40:09.274Z,Q4 Looking Promising,META,META,reddit,wallstreetbets,17623331,4641
2024-02-02T07:23:50.051Z,"Market sentiment is fickle, and Meta stock proves it again",META,META,reddit,wallstreetbets,17623336,4683
2024-05-13T20:48:51.885Z,Why Apple will integrate OpenAI's GPT-4o with Siri,META,META,reddit,wallstreetbets,17623341,4610
2024-02-12T16:41:22.132Z,"It has been quite the day so far, boys",META,META,reddit,wallstreetbets,17623341,4610
2024-08-23T17:55:56.902Z,That was fun,META,META,reddit,wallstreetbets,17623331,4641
2024-04-25T02:43:23.598Z,Who else got a double donut going short TSLA and long META?,META,META,reddit,wallstreetbets,17623341,4610
2024-10-19T19:45:17.576Z,Wait for earnings or sell Meta?,META,META,reddit,wallstreetbets,17623336,4683
2024-02-03T22:49:00.451Z,Played it safe,META,META,reddit,wallstreetbets,17623341,4610
2024-10-25T08:22:27.660Z,Nvidia Nudges Record Highs Ahead of Big Tech Earnings,META,META,reddit,wallstreetbets,17623336,4683
2024-08-06T15:22:22.976Z,"BACK IN THE GREEN, WE ARE SO BACK.",META,META,reddit,wallstreetbets,17623330,4641
2024-04-19T20:12:01.172Z,+50k day. Nvidia / Meta Puts,META,META,reddit,wallstreetbets,17623331,4641
2024-07-11T20:24:03.750Z,Mag 7 hit hard,META,META,reddit,wallstreetbets,17623331,4641
2024-02-18T03:35:55.323Z,"155k AUD on NVDL, 2x Leveraged Bull Nvidia. Iâ€™m ready for post earnings!",META,META,reddit,wallstreetbets,17623337,4683
2024-04-24T20:08:36.394Z,R.I.P. $META Calls in Afterhours,META,META,reddit,wallstreetbets,17623334,4654
2024-02-02T18:02:40.695Z,Meta what a difference a year makes,META,META,reddit,wallstreetbets,17623334,4654
2024-04-02T21:38:52.754Z,"One single META LEAP bought near the absolute bottom in late 2022. Best single option I ever bought, sold today. Helped keep my spirits up.",META,META,reddit,wallstreetbets,17623336,4683
2024-02-02T01:40:31.592Z,META x4.5 since I sold it for a loss 13 months ago,META,META,reddit,wallstreetbets,17623331,4641
2024-04-25T10:30:00.640Z,8K IN EARNING REPORTS. Just like I beat TSLA AND META (go check my latest post) I will beat these two. 4/4,META,META,reddit,wallstreetbets,17623334,4654
2025-01-28T17:14:45.847Z,"8 out of 10 ""biggest one-day losses"" in the history have been Nvidia",META,META,reddit,wallstreetbets,17623330,4641
2024-07-05T22:42:23.351Z,Wish I held longer (META CALLS),META,META,reddit,wallstreetbets,17623337,4683
2024-06-25T14:03:08.069Z,Chipotle #1 Company by Market Cap,META,META,reddit,wallstreetbets,17623337,4683
2024-08-07T00:00:02.449Z,AMD the sleeping giant,META,META,reddit,wallstreetbets,17623331,4641
2024-06-18T14:56:16.909Z,I'm getting the hang of this!,META,META,reddit,wallstreetbets,17623341,4626
2024-11-21T19:31:28.616Z,thank you ACHR,META,META,reddit,wallstreetbets,17623341,4610
2024-02-04T11:18:25.067Z,Gotta love it,META,META,reddit,wallstreetbets,17623336,4683
2024-12-07T21:35:04.088Z,College Student with $18 in their checking account. All in.,META,META,reddit,wallstreetbets,17623331,4641
2024-04-25T13:33:28.763Z,Yolo Meta Life savings,META,META,reddit,wallstreetbets,17623341,4626
2024-12-08T02:42:10.819Z,New post but 100% real,META,META,reddit,wallstreetbets,17623331,4641
2024-07-10T19:30:28.638Z,Intel and why it is now rising,META,META,reddit,wallstreetbets,17623331,4641
2024-06-27T03:27:52.539Z,Meta platforms CEO Zuckerberg sells over $8.5 million in company stock,META,META,reddit,wallstreetbets,17623341,4610
2024-02-01T21:10:33.654Z,Meta shares jump on better-than-expected results and first-ever dividend payment,META,META,reddit,wallstreetbets,17623331,4654
2024-02-15T19:13:21.292Z,META insiders sold shares worth $417 mln in February. Record monthly sales volume for last 2.5 years.,META,META,reddit,wallstreetbets,17623337,4683
2024-08-06T02:03:41.241Z,$130-$5.4k $NVDA & $META PUTS,META,META,reddit,wallstreetbets,17623341,4626
2024-02-02T00:55:01.909Z,Zuckerberg to Get $700 Million a Year From Metaâ€™s New Dividend,META,META,reddit,wallstreetbets,17623331,4641
2024-06-05T19:14:15.052Z,NVDA's market cap surpasses AAPL's market cap for the first time.,META,META,reddit,wallstreetbets,17623330,4641
2024-08-29T00:31:43.562Z,Short term Nvidia call holders- it's over.,META,META,reddit,wallstreetbets,17623331,4641
2024-08-08T19:13:10.906Z,NVDA will beat earnings again this month!,META,META,reddit,wallstreetbets,17623334,4654
2024-04-23T08:36:06.250Z,Meta earnings out tomorrow!! Where will meta go?,META,META,reddit,wallstreetbets,17623336,4683
2024-02-03T19:57:52.362Z,META covered call oopsie,META,META,reddit,wallstreetbets,17623334,4654
2024-02-02T14:42:24.467Z,Woah,META,META,reddit,wallstreetbets,17623341,4626
2024-05-01T13:53:46.265Z,Watch the rise back again,META,META,reddit,wallstreetbets,17623341,4626
2024-02-13T15:36:21.100Z,Nvidia Unveils AI Chatbot for PCs Powered by Its Own GPUs,META,META,reddit,wallstreetbets,17623334,4654
2024-04-24T20:36:46.083Z,META shares tank due to plan to spend more,META,META,reddit,wallstreetbets,17623341,4610
2024-02-05T20:43:02.521Z,"Tesla no longer in the Magnificent Seven, replaced by $AVGO, no longer a top ten S&P 500 constituent stock. ðŸª¦ðŸ™",META,META,reddit,wallstreetbets,17623331,4641
2024-04-24T23:59:01.158Z,Why meta fell down today,META,META,reddit,wallstreetbets,17623341,4610
2025-01-29T21:47:44.021Z,"Meta beats revenue, provides soft guidance",META,META,reddit,wallstreetbets,17623331,4641
2024-07-15T02:45:06.169Z,"NVDA Raises TSMC Orders by 25%, GB200 Demand Estimates Increase by 50%",META,META,reddit,wallstreetbets,17623331,4641
2024-11-21T00:28:11.113Z,I shorted MSTR; no such thing as infinite money glitch,META,META,reddit,wallstreetbets,17623331,4641
2024-05-26T03:53:40.455Z,Top stocks in AI ecosystem,META,META,reddit,wallstreetbets,17623334,4654
2024-09-16T16:43:34.460Z,Meta reports massive spike in cloud demand for its Llama AI models,META,META,reddit,wallstreetbets,17623341,4626
2024-07-26T17:55:20.507Z,Lost every single dollar I had to my name and in debt 45k. $Meta in April lost 35k and kept on losing after. Im done...,META,META,reddit,wallstreetbets,17623330,4641
2024-05-23T00:01:27.503Z,"Keep digging, regards",META,META,reddit,wallstreetbets,17623330,4641
2024-02-02T17:50:30.151Z,"Last Friday I went from 62000 to 8000, but today I got it back",META,META,reddit,wallstreetbets,17623330,4641
2024-08-14T21:34:20.155Z,One upping grandma part 2,META,META,reddit,wallstreetbets,17623331,4641
2024-10-30T02:05:25.307Z,NVDA Good Vibes,META,META,reddit,wallstreetbets,17623331,4641
2024-07-17T17:50:00.728Z,S&P 500 Sectors Today - This is Why Funds Have Been Dumping Tech Stocks For Weeks,META,META,reddit,wallstreetbets,17623331,4641
2024-12-18T21:22:59.382Z,"I've never seen such bullshit in my 3 weeks of trading. JPOW said ""US economy is well - effectively""!",META,META,reddit,wallstreetbets,17623330,4641
2024-11-26T17:54:05.000Z,So many sleep less nights and shit trades to barely break even.,META,META,reddit,wallstreetbets,17623331,4654
2024-06-19T01:42:34.788Z,I coulda been in a different place,META,META,reddit,wallstreetbets,17623331,4654
2024-05-27T21:28:21.696Z,My regard story,META,META,reddit,wallstreetbets,17623331,4641
2024-03-12T01:42:38.357Z,META Porn (+300%),META,META,reddit,wallstreetbets,17623341,4610
2024-08-03T06:32:07.709Z,Powell F*ed Up Again,META,META,reddit,wallstreetbets,17623330,4641
2024-06-25T13:05:24.121Z,Zuck tried to penetrate again,META,META,reddit,wallstreetbets,17623336,4683
2024-04-25T23:09:49.394Z,$Meta dip buying +455k,META,META,reddit,wallstreetbets,17623330,4641
2024-02-03T17:38:41.887Z,SNAP-crash coming soon,META,META,reddit,wallstreetbets,17623337,4683
2024-04-09T14:53:33.565Z,"F*** Zuck and Bezos, they spend billions on material things while amzn drivers pee in the bottle",META,META,reddit,wallstreetbets,17623331,4654
2024-02-21T11:49:10.348Z,Nvidia = Bull,META,META,reddit,wallstreetbets,17623334,4654
2025-01-03T08:07:49.332Z,Daily Reminder: Nobody knows a god damn thing. Metas performance since end of 2022,META,META,reddit,wallstreetbets,17623331,4641
2024-03-29T14:03:19.548Z,"You missed META, NFLX, GOOGL? Try AAPL",META,META,reddit,wallstreetbets,17623331,4654
2024-02-04T07:39:53.177Z,my META story,META,META,reddit,wallstreetbets,17623337,4683
2024-02-06T17:08:02.805Z,Snapchat (SNAP) Analysis,META,META,reddit,wallstreetbets,17623341,4610
2024-08-11T16:11:36.240Z,Dads Ira.,META,META,reddit,wallstreetbets,17623331,4641
2024-10-28T14:18:00.876Z,PYPL & CROX earnings play (feat. 2 bonus lotto gambles),META,META,reddit,wallstreetbets,17623336,4683
2024-08-09T02:50:42.907Z,How many of you bought the dip and quit wendyâ€™s?,META,META,reddit,wallstreetbets,17623330,4641
2025-01-22T00:24:24.770Z,META CEO would like to block TikTok effectively from those AMAZON shares he'd like to dip his...toes in.,META,META,reddit,wallstreetbets,17623331,4641
2024-07-04T17:08:58.169Z,Nvidia to make $12bn from AI chips in China this year despite US controls,META,META,reddit,wallstreetbets,17623331,4654
2024-10-13T22:00:16.912Z,Strong AI and Semiconductor weeks ahead,META,META,reddit,wallstreetbets,17623341,4626
2024-11-28T14:25:22.453Z,Reddit overtakes X in popularity of social media platforms in UK $RDDT,META,META,reddit,stocks,8374458,1143
2024-10-14T20:19:59.660Z,Nvidia closes at record as AI chipmaker's market cap tops $3.4 trillion,META,META,reddit,stocks,8374458,1143
2024-03-23T13:54:53.328Z,"If you were to invest in the mag 7, how would you split the money?",META,META,reddit,stocks,8374459,1170
2025-01-06T21:56:53.414Z,UFC Chief Dana White to Join Mark Zuckerberg on Meta Board of Directors,META,META,reddit,stocks,8374458,1170
2024-02-08T21:11:37.043Z,Pinterest shares crater 25% on weak revenue and forecast,META,META,reddit,stocks,8374459,1170
2024-11-06T23:27:53.329Z,Qualcomm pops on chipmaker's earnings and revenue beat,META,META,reddit,stocks,8374459,1170
2024-09-05T14:45:29.577Z,Snap sued by New Mexico AG over 'sextortion' of kids by predators,META,META,reddit,stocks,8374459,1170
2024-03-25T18:06:50.961Z,Reddit options launch draws bulls as shares extend gains,META,META,reddit,stocks,8374459,1170
2024-12-31T20:20:28.646Z,Is Meta stock obviously a stock that will beat the market in 2025 and beyond or not?,META,META,reddit,stocks,8374463,1182
2024-02-02T06:27:16.938Z,SMCI is undervalued at $600,META,META,reddit,stocks,8374461,1160
2025-01-31T22:23:01.222Z,"Speculation - walled garden platforms are the future, where to invest if so?",META,META,reddit,stocks,8374461,1160
2024-12-16T15:18:27.035Z,From GPU to ASIC: Broadcom to capture NVDA market share!,META,META,reddit,stocks,8374461,1160
2025-01-27T21:16:38.429Z,"Nvidia sheds almost $600 billion in market cap, biggest one-day loss in U.S. history",META,META,reddit,stocks,8374458,1143
2024-02-04T17:35:02.488Z,Meta reported stellar earnings!,META,META,reddit,stocks,8374461,1160
2024-08-19T13:12:21.079Z,AMD to acquire server builder ZT Systems for $4.9 billion in cash and stock,META,META,reddit,stocks,8374458,1170
2024-04-18T20:51:57.106Z,"Metaâ€™s new AI assistant is rolling out across WhatsApp, Instagram, Facebook and Messenger",META,META,reddit,stocks,8374459,1170
2024-06-04T19:00:27.486Z,RDDT - practical approach?,META,META,reddit,stocks,8374461,1160
2025-01-19T18:43:38.904Z,Thoughts on ticktok ban and how would it impact meta stocks (worth shorting meta stocks?),META,META,reddit,stocks,8374463,1182
2024-07-01T20:08:10.294Z,What do you guys think about being exposed in one stock?,META,META,reddit,stocks,8374463,1182
2024-02-01T21:08:48.561Z,Meta Q4 Earnings Numbers,META,META,reddit,stocks,8374458,1143
2024-02-11T15:41:56.099Z,"What is the current ""META 2022""?",META,META,reddit,stocks,8374458,1170
2024-02-23T04:02:50.978Z,"Top 10 single-day surges in stock are all big tech, all 2020 & above, all >150bil. Only 1 >200bil & 4 are by Apple, 4 are in 2022.",META,META,reddit,stocks,8374459,1170
2024-07-19T09:13:17.869Z,Which companies/stocks will benefit from Chinese tariffs,META,META,reddit,stocks,8374463,1182
2024-08-04T15:54:21.617Z,Apple Intelligence Has a Long Way to Go to Match Its Marketing Hype,META,META,reddit,stocks,8374459,1170
2024-10-04T21:22:49.548Z,Which stock is hidding in plain sight?,META,META,reddit,stocks,8374458,1143
2024-09-12T01:15:27.368Z,"Oracle trails only Nvidia among large-cap tech this year, as Ellison closes in on Bezos",META,META,reddit,stocks,8374461,1160
2024-07-26T15:13:55.342Z,"Short seller Andrew Left of Citron charged with fraud by prosecutors, SEC",META,META,reddit,stocks,8374458,1170
2024-07-30T20:27:24.628Z,AMD Delivers Upbeat Sales Forecast as It Shifts Into AI Chips,META,META,reddit,stocks,8374459,1170
2024-09-15T16:48:48.898Z,Are there any companies that aren't noticeably tainted by some sort of negative reputation?,META,META,reddit,stocks,8374461,1160
2024-04-10T13:55:25.367Z,These are the stocks on my watchlist (4/10),META,META,reddit,stocks,8374463,1182
2024-06-09T15:11:21.271Z,Bear Case: Why I believe Alphabet will do everything right and still lose,META,META,reddit,stocks,8374459,1170
2024-03-05T20:38:19.683Z,"Talk to me like I'm five - AI, and ebbs/flows in the stock market",META,META,reddit,stocks,8374461,1160
2024-08-01T13:20:18.778Z,These are the stocks on my watchlist (8/1),META,META,reddit,stocks,8374461,1160
2024-11-19T22:08:46.121Z,"Qualcomm says it expects $4 billion in PC chip sales by 2029, as company gets traction beyond smartphones",META,META,reddit,stocks,8374459,1170
2024-11-01T00:44:41.279Z,Amazon CEO pledges AI investments will pay off as capital expenditures surge 81%,META,META,reddit,stocks,8374458,1170
2024-08-25T10:08:48.218Z,AI in advertising - can it justify the cost?,META,META,reddit,stocks,8374461,1160
2024-02-10T00:10:20.531Z,"META Still The Cheapest of The Magnificent 7, Am I Wrong?",META,META,reddit,stocks,8374459,1170
2024-06-04T05:50:15.460Z,"Microsoft confirms mixed reality layoffs, will keep selling HoloLens 2",META,META,reddit,stocks,8374459,1170
2024-10-04T00:07:05.530Z,Ideas for profiting on the decline of the American education and rise of social media brain rot?,META,META,reddit,stocks,8374459,1170
2025-01-31T14:19:09.276Z,These are the stocks on my watchlist (01/31),META,META,reddit,stocks,8374459,1170
2025-01-22T10:53:38.805Z,SNAP stock discussion,META,META,reddit,stocks,8374461,1160
2025-01-21T00:11:22.251Z,Which one should I move mot keep myy investment on Ivv and qual?,META,META,reddit,stocks,8374461,1160
2024-07-23T19:30:29.716Z,Deep dive into Match Group ($MTCH),META,META,reddit,stocks,8374461,1160
2025-01-04T16:26:38.745Z,Single mom just startingâ€¦,META,META,reddit,stocks,8374463,1182
2024-07-31T13:22:05.899Z,These are the stocks on my watchlist (7/31),META,META,reddit,stocks,8374461,1160
2024-11-08T15:19:48.304Z,Tesla hits $1T Market Cap for the first time since 2021,META,META,reddit,stocks,8374458,1143
2025-01-29T22:20:18.862Z,Meta shares up 4% after company beats on revenue,META,META,reddit,stocks,8374458,1170
2025-01-08T16:58:29.048Z,"US analysts list Teva, Wix in 2025 top picks",META,META,reddit,stocks,8374463,1182
2024-09-25T19:42:22.501Z,"Meta unveils $299 Quest 3S VR headset, Orion AR glasses prototype",META,META,reddit,stocks,8374459,1170
2024-07-30T14:15:36.719Z,Meta agrees to $1.4 billion settlement in Texas biometric data lawsuit,META,META,reddit,stocks,8374459,1170
2024-05-24T00:10:37.757Z,Why do people feel the need to disclose they hold Mag 7 stocks?,META,META,reddit,stocks,8374464,1182
2024-03-01T16:04:21.371Z,"Once a Hot Stock-Market Trend Has a Name, Its Best Days Are Likely to be over",META,META,reddit,stocks,8374459,1170
2024-12-10T21:25:41.556Z,Oracle shares head for worst day of 2024 after earnings miss,META,META,reddit,stocks,8374459,1170
2024-05-30T16:00:54.776Z,Reuters - Big Tech develops AI networking standard but without chip leader Nvidia,META,META,reddit,stocks,8374459,1170
2024-07-31T20:14:03.469Z,Qualcomm beats estimates and phone chip sales are up 12%,META,META,reddit,stocks,8374459,1170
2024-05-01T14:56:49.956Z,These are the stocks on my watchlist (5/1),META,META,reddit,stocks,8374463,1182
2024-10-20T21:03:57.797Z,I compiled a list of all 190 stocks and funds from the September 2024 Quarterly Thread,META,META,reddit,stocks,8374461,1160
2024-08-04T00:53:33.910Z,Nvidiaâ€™s New AI Chip Delayed Due to Design Flaws,META,META,reddit,stocks,8374459,1170
2024-04-11T15:54:55.028Z,What's wrong with $SNAP,META,META,reddit,stocks,8374459,1170
2025-01-27T05:58:41.138Z,AI DeepSeek Shakes Up Stocks as Traders Fear for US Tech Leadership,META,META,reddit,stocks,8374458,1143
2024-07-01T11:22:49.530Z,Meta accused of breaching EU antitrust rules over ad-supported subscription service,META,META,reddit,stocks,8374459,1170
2024-08-31T08:54:12.814Z,I think Alphabet (GOOGL) is the most undervalued stock in the stock market right now,META,META,reddit,stocks,8374458,1143
2025-01-17T18:56:59.093Z,META Earnings,META,META,reddit,stocks,8374461,1160
2024-11-22T13:40:58.539Z,Thoughts on building a 10Y high risk portfolio,META,META,reddit,stocks,8374463,1182
2024-03-13T16:32:00.932Z,Tiktok Ban in US and META SNAP,META,META,reddit,stocks,8374458,1170
2024-03-03T23:11:54.572Z,Is Googleâ€™s Waymo potential underrated?,META,META,reddit,stocks,8374459,1170
2025-01-01T12:50:10.868Z,"Are Meta, Apple and Alphabet's dividend payouts actually an effective use of cash?",META,META,reddit,stocks,8374459,1170
2025-01-19T19:41:26.852Z,"Apple Is Unlikely to Buy Sonos, But Amazon or Spotify Might Consider It",META,META,reddit,stocks,8374459,1170
2024-09-26T04:07:07.660Z,How would Mag-7 stocks compare against their leverages over 1 year?,META,META,reddit,stocks,8374461,1160
2024-04-26T14:33:44.148Z,These are the stocks on my watchlist (4/26),META,META,reddit,stocks,8374461,1160
2024-04-30T14:00:02.187Z,These are the stocks on my watchlist (4/30),META,META,reddit,stocks,8374463,1182
2024-06-23T12:15:28.638Z,Apple and Meta Explore Groundbreaking AI Partnership,META,META,reddit,stocks,8374459,1170
2025-01-14T17:57:30.664Z,Meta announces 5% cuts in preparation for 'intense year' â€” Read the internal memo,META,META,reddit,stocks,8374458,1170
2024-06-25T00:22:51.309Z,There are only 20 Mega Cap stocks with a P/E under 30,META,META,reddit,stocks,8374459,1170
2024-02-18T17:49:25.287Z,Summary of stock market performance,META,META,reddit,stocks,8374461,1160
2024-07-08T17:00:51.402Z,How to surpass the fear of selling?,META,META,reddit,stocks,8374461,1160
2024-10-29T20:18:21.832Z,"Snap reports better-than-expected third-quarter results, issues light forecast",META,META,reddit,stocks,8374461,1160
2024-08-15T09:59:31.263Z,Why Hellofresh could be very interesting.,META,META,reddit,stocks,8374464,1182
2025-01-26T19:47:36.640Z,S&P500 vs individual stocks,META,META,reddit,stocks,8374461,1160
2024-11-17T19:52:22.709Z,"New Nvidia AI chips overheating in servers, the Information reports",META,META,reddit,stocks,8374458,1170
2025-01-28T05:21:43.022Z,META & MSFT Earnings in Deep Doo Doo?,META,META,reddit,stocks,8374459,1170
2024-06-05T19:11:27.808Z,Nvidia briefly passes $3 trillion market cap on back of AI boom,META,META,reddit,stocks,8374458,1143
2024-03-25T10:26:42.450Z,"EU launches probe into Meta, Apple and Alphabet under sweeping new tech law",META,META,reddit,stocks,8374458,1170
2024-02-28T21:18:12.258Z,Salesforce follows Meta..announces dividend!,META,META,reddit,stocks,8374458,1170
2024-04-25T03:18:51.435Z,Meta's Reality Labs posts $3.85 billion loss in first quarter,META,META,reddit,stocks,8374458,1143
2024-02-13T23:14:17.416Z,Expectations and Realizations on the current state of the Market,META,META,reddit,stocks,8374461,1160
2024-11-01T13:09:52.661Z,BlackRock launches ETF that expands beyond the â€˜Magnificent Sevenâ€™,META,META,reddit,stocks,8374459,1170
2024-11-18T18:47:00.858Z,Do you see Meta copying Reddit one day ?,META,META,reddit,stocks,8374463,1182
2025-01-26T00:21:33.423Z,"White House in talks to have Oracle, US investors take over TikTok, NPR reports",META,META,reddit,stocks,8374458,1170
2024-02-09T22:27:57.704Z,"Tech Rally Lifts S&P 500 Above 5,000 Mark",META,META,reddit,stocks,8374459,1170
2024-06-18T17:07:58.343Z,Nvidia passes Microsoft in market cap to become most valuable public company,META,META,reddit,stocks,8374458,1143
2024-12-11T03:41:10.750Z,Trump names Andrew Ferguson as head of Federal Trade Commission to replace Lina Khan,META,META,reddit,stocks,8374459,1170
2025-01-11T16:59:32.094Z,Meta CEO Mark Zuckerberg trash talks Apple in interview,META,META,reddit,stocks,8374458,1143
2024-09-10T08:14:19.364Z,Apple loses EU court battle over 13 billion euro tax bill in Ireland,META,META,reddit,stocks,8374458,1143
2024-08-28T13:58:06.566Z,Buffett's Berkshire Hathaway hits $1 trillion market value,META,META,reddit,stocks,8374458,1170
2024-05-02T14:42:40.431Z,These are the stocks on my watchlist (5/2),META,META,reddit,stocks,8374463,1182
2024-11-28T01:38:14.784Z,Microsoft faces wide-ranging U.S. antitrust probe,META,META,reddit,stocks,8374459,1170
2024-07-25T15:07:41.062Z,How innovative is Big Tech?,META,META,reddit,stocks,8374461,1160
2024-09-06T15:18:42.482Z,Sen. Elizabeth Warren writes a letter backing the DOJ investigation into Nvidia antitrust allegations,META,META,reddit,stocks,8374458,1170
2024-04-25T20:15:46.782Z,"Snap shares soar 23% as company beats on earnings, shows strong revenue growth",META,META,reddit,stocks,8374459,1170
2024-07-08T18:51:20.149Z,"Ben Thompson (Stratechery) commentary on recent EU big tech actions (Apple, Meta, NVIDIA)",META,META,reddit,stocks,8374461,1160
2024-11-27T10:20:49.240Z,Deep dive into Kering - From Timber to Gucci: A Legacy of Acquisitions,META,META,reddit,stocks,8374461,1160
2025-01-28T13:30:21.981Z,(1/28) - Tuesday's Pre-Market News & Stock Movers,META,META,reddit,stocks,8374461,1160
2024-10-19T07:03:25.797Z,Should I take profit and reinvest it again? or what you do with the unrealized profit ?,META,META,reddit,stocks,8374463,1182
2024-05-03T14:28:09.939Z,These are the stocks on my watchlist (5/3),META,META,reddit,stocks,8374463,1182
2024-06-22T17:12:40.760Z,"Apple Intelligence won't launch in EU in 2024 due to antitrust rules, company says",META,META,reddit,stocks,8374458,1170
2024-03-21T14:32:53.378Z,DOJ sues Apple over iPhone monopoly,META,META,reddit,stocks,8374458,1143
2024-08-14T06:37:45.101Z,The Consumer Recession of 2023-2024 and the Future,META,META,reddit,stocks,8374459,1170
2024-12-05T04:36:54.011Z,Protecting Gains on 300 META Shares Without Selling: Selling Deep ITM Calls Strategy,META,META,reddit,stocks,8374463,1182
2024-02-09T07:20:22.582Z,Growth stocks-is it starting to feel like early 2021?,META,META,reddit,stocks,8374458,1170
2024-12-04T23:19:53.815Z,Meta Announces $10 Billion Data Center in Louisiana,META,META,reddit,stocks,8374458,1170
2024-05-07T21:01:58.292Z,Reddit shares soar 14% after company reports revenue pop in first earnings report,META,META,reddit,stocks,8374458,1143
2024-12-28T09:29:17.979Z,Impact of DeepSeek v3 on AI stocks,META,META,reddit,stocks,8374459,1170
2024-05-02T20:13:56.604Z,What are your feelings on GE Vernova?,META,META,reddit,stocks,8374461,1160
2024-03-26T15:16:45.693Z,What Virtual Reality & Augmented Reality stocks to hold for 20 years?,META,META,reddit,stocks,8374461,1160
2024-07-17T16:39:29.977Z,META holders: Earnings in two weeks. What's your plan?,META,META,reddit,stocks,8374459,1170
2024-11-09T16:04:10.707Z,Has anyone used CNN Business's 12-month stock price projections?,META,META,reddit,stocks,8374463,1182
2024-04-24T20:10:58.155Z,Meta reports revenue and earnings beat but issues disappointing guidance; down 11%,META,META,reddit,stocks,8374458,1170
2024-07-16T13:49:36.975Z,Anyone else having this problem?,META,META,reddit,stocks,8374463,1182
2025-01-14T00:21:10.302Z,China Discusses Sale of TikTok US to Musk as One Possible Option,META,META,reddit,stocks,8374458,1170
2024-07-31T23:02:59.315Z,"Nasdaq, S&P 500 post best day since Feb after Powell signals possible rate cut in Sept",META,META,reddit,stocks,8374459,1170
2024-05-22T13:15:17.399Z,Amazon plans to give Alexa an AI overhaul â€” and a monthly subscription price,META,META,reddit,stocks,8374459,1170
2024-02-05T09:14:10.975Z,"Been investing in stocks for a year now, is Zuck issuing a 50B buy back for META good or bad?",META,META,reddit,stocks,8374459,1170
2024-10-31T21:07:01.534Z,"The S&P 500 And The Nasdaq Composite With Losses Of 1.9% and 2.8%, respectively,Could Be Headed For A Small Correction.",META,META,reddit,stocks,8374463,1182
2024-02-02T11:25:46.191Z,Amazon stock analysis: Why it's my only holding in my portfolio,META,META,reddit,stocks,8374459,1170
2025-01-29T13:47:49.487Z,(1/29) - Wednesday's Pre-Market News & Stock Movers,META,META,reddit,stocks,8374461,1160
2024-07-11T15:11:13.547Z,"The 8 ""secrets"" of when to sell stocks. Do you have any other ideas?",META,META,reddit,stocks,8374464,1182
2024-03-09T09:23:45.735Z,Cannot buy ETFs in Europe/Netherlands,META,META,reddit,stocks,8374461,1160
2024-02-09T15:03:06.455Z,What Walmartâ€™s ($WMT) stock split means for the Dow Jones.,META,META,reddit,stocks,8374461,1160
2024-02-11T02:29:14.094Z,"Top 10 Stocks in the S&P 500 YTD, and also 10 Worst. Were You Able to Score Any of the 10?",META,META,reddit,stocks,8374459,1170
2024-11-13T21:52:30.462Z,"AMD to lay off 4% of workforce, or about 1,000 employees",META,META,reddit,stocks,8374458,1143
2024-06-04T13:03:00.292Z,Elon Musk ordered Nvidia to ship AI chips reserved for Tesla to X and xAI,META,META,reddit,stocks,8374458,1170
2024-08-01T15:41:49.500Z,Any insights as to today's weird poor preformance?,META,META,reddit,stocks,8374459,1170
2024-03-04T13:06:53.479Z,Apple hit with more than $1.95 billion EU antitrust fine over music streaming,META,META,reddit,stocks,8374458,1143
2025-01-12T18:44:23.656Z,S&Pâ€™s $18 Trillion Rally Threatened by Psychology of 5% Yields,META,META,reddit,stocks,8374459,1170
2024-02-09T23:15:02.656Z,Exclusive: Nvidia pursues $30 billion custom chip opportunity with new unit -sources,META,META,reddit,stocks,8374458,1170
2024-03-18T20:31:19.218Z,Nvidia announces Blackwell AI chips that will launch later this year,META,META,reddit,stocks,8374458,1143
2024-11-11T19:21:20.005Z,NVDA has become the largest position in retail portfolios in the first half of the year,META,META,reddit,stocks,8374459,1170
2024-10-30T20:19:41.652Z,Meta beats on top and bottom lines but misses user growth expectations,META,META,reddit,stocks,8374459,1170
2024-06-24T11:03:10.705Z,European Union regulators accuse Apple of breaching the bloc's tech rules,META,META,reddit,stocks,8374459,1170
2024-02-10T22:08:45.709Z,Advanced Micro Devices (AMD) $171 A good long term buy,META,META,reddit,stocks,8374459,1170
2024-06-15T18:22:56.175Z,Meta Platforms Delays Launch of AI Models in Europe Amid Data Privacy Concerns,META,META,reddit,stocks,8374461,1160
2024-04-07T04:19:19.576Z,Changing my Roth IRA from VOO to 10 individual stocks,META,META,reddit,stocks,8374464,1182
2024-05-15T19:18:59.074Z,Dell surges 9% on optimism it has secured big AI server orders,META,META,reddit,stocks,8374459,1170
2024-09-04T13:00:41.880Z,[Reuters Exclusive] Intel manufacturing business suffers setback as Broadcom tests disappoint,META,META,reddit,stocks,8374459,1170
2024-11-07T21:22:59.059Z,Pinterest stock plunges following weak Q4 revenue guidance,META,META,reddit,stocks,8374459,1170
2025-01-09T14:18:31.469Z,Amazon to Let Retailers Use Its Ad Tools on Their Own Stores,META,META,reddit,stocks,8374461,1160
2024-10-01T15:23:05.770Z,The Crash of the stock market has arrived. Price/Earnings ratio just broke 30 for the entire S&P 500.,META,META,reddit,stocks,8374464,1182
2025-01-03T21:59:09.015Z,Is Apple missing out on big acquisitions?,META,META,reddit,stocks,8374459,1170
2024-10-19T10:17:43.558Z,You've enjoyed Reddit but do you own RDDT?,META,META,reddit,stocks,8374463,1182
2024-10-10T02:40:55.633Z,AMD AI event on Oct 10: Any expectations?,META,META,reddit,stocks,8374461,1160
2025-01-29T16:50:04.683Z,10 Stocks to Hold in 2025 to Make You Rich,META,META,reddit,stocks,8374463,1182
2024-10-02T20:04:14.521Z,"Politics aside, could Ubisoft be a good buy now?",META,META,reddit,stocks,8374464,1182
2024-08-04T16:52:31.893Z,My thoughts on META,META,META,reddit,stocks,8374461,1160
2024-07-31T20:11:38.638Z,"Meta shares pop on revenue and earnings beat, better than expected forecast",META,META,reddit,stocks,8374458,1170
2024-10-04T18:12:49.592Z,"Meta, challenging OpenAI, announces new AI model that can generate video with sound",META,META,reddit,stocks,8374459,1170
2024-03-05T13:00:28.546Z,AI Madness and profitablity,META,META,reddit,stocks,8374459,1170
2024-04-09T09:55:43.887Z,PBR Petrobras - a great Value Stock,META,META,reddit,stocks,8374459,1170
2024-05-07T15:54:29.139Z,Is the big AI hardware spend behind us?,META,META,reddit,stocks,8374459,1170
2024-06-28T03:52:09.539Z,"Hedge Funds Sell Tech Stocks â€˜Aggressively,â€™ Goldman Says",META,META,reddit,stocks,8374459,1170
2024-04-30T17:10:00.778Z,Big Tech (Google and Meta) begins to give out dividend,META,META,reddit,stocks,8374459,1170
2024-02-06T21:16:53.347Z,"Snap plunges 25% on revenue miss and light guidance, as Middle East conflict creates â€˜headwindâ€™",META,META,reddit,stocks,8374458,1170
2024-02-16T18:18:36.663Z,Ultimate Nvidia DD (The Best),META,META,reddit,stocks,8374461,1160
2024-11-18T01:40:39.465Z,"Brendan Carr - ""vocal critic of Big Tech"" - to Lead FCC",META,META,reddit,stocks,8374459,1170
2024-10-05T15:45:28.252Z,Whats your take on RDDT?,META,META,reddit,stocks,8374459,1170
2024-03-21T17:20:38.611Z,Reddit pops 38% in NYSE debut to open at $47 per share,META,META,reddit,stocks,8374458,1143
2025-01-30T14:20:34.682Z,These are the stocks on my watchlist (01/30),META,META,reddit,stocks,8374461,1160
2024-04-29T14:00:12.654Z,These are the stocks on my watchlist (4/29),META,META,reddit,stocks,8374463,1182
2025-01-30T00:50:17.271Z,"Meta's CAPEX Spending Exceeds the Combined Net Income of F, TSLA, IBM, AVGO, GM, and V",META,META,reddit,stocks,8374459,1170
2024-08-04T22:50:55.232Z,NVDA SAYS AI CHIPS ON TRACK AMID FEARS,META,META,reddit,stocks,8374459,1170
2024-06-20T08:23:33.053Z,Taking profits from individual stocks and moving to index funds,META,META,reddit,stocks,8374461,1160
2024-02-03T22:58:45.915Z,Interest Rate Resistant Sector Specific Inflation,META,META,reddit,stocks,8374461,1160
2024-10-04T15:10:43.906Z,Why does IBM get no love ? Follow Up.,META,META,reddit,stocks,8374463,1182
2024-11-05T17:08:25.086Z,Does anyone have an inverse Reddit portfolio?,META,META,reddit,stocks,8374459,1170
2024-08-15T18:12:40.396Z,Jim Cramer on has had some wild takes on his X account,META,META,reddit,stocks,8374459,1170
2024-04-24T23:21:56.613Z,"Fuel use for the month, PCE indicator.",META,META,reddit,stocks,8374461,1160
2024-05-05T16:34:37.339Z,The ending of Google's monopoly trial has Silicon Valley on edge,META,META,reddit,stocks,8374458,1170
2024-11-05T09:56:37.418Z,Which Earning Reports Have Impressed You?,META,META,reddit,stocks,8374459,1170
2024-06-12T18:28:57.654Z,"Besides the obvious big players, how is everyone positioning their portfolio for the biggest mega trend of our life (AI)",META,META,reddit,stocks,8374459,1170
2024-12-14T07:45:08.570Z,Broadcom (AVGO) broke the $1T barrier - here's how it compares to the Mag 7,META,META,reddit,stocks,8374458,1170
2024-12-12T09:40:06.342Z,How come AAPL isnâ€™t affected by the rise of the AI market?,META,META,reddit,stocks,8374459,1170
2024-08-01T04:52:55.496Z,CNBC: Metaâ€™s advertising growth is proof that hefty AI spending is already paying off,META,META,reddit,stocks,8374459,1170
2024-02-11T05:16:01.197Z,Anyone have data thatâ€¦,META,META,reddit,stocks,8374461,1160
2025-01-07T13:35:58.212Z,"Meta scraps fact checking program, is bringing back political content",META,META,reddit,stocks,8374458,1143
2024-04-22T17:38:34.777Z,"Meta opens Quest OS to third-party headset makers, taps Lenovo and Xbox as partners",META,META,reddit,stocks,8374459,1170
2024-05-16T11:06:06.908Z,Meta slapped with child safety probe under sweeping EU tech law,META,META,reddit,stocks,8374461,1160
2024-09-21T19:20:15.643Z,Do you sell stocks nearing retirement and move to 100% etf?,META,META,reddit,stocks,8374459,1170
2025-01-27T09:26:53.722Z,What Is Chinaâ€™s DeepSeek and Why Is It Freaking Out the AI World?,META,META,reddit,stocks,8374458,1143
2024-04-25T14:41:18.499Z,These are the stocks on my watchlist (4/25),META,META,reddit,stocks,8374463,1182
2024-03-14T12:56:52.507Z,Tesla (TSLA) DCF Analysis,META,META,reddit,stocks,8374463,1182
2024-03-25T01:50:49.665Z,"Jeff Bezos, Leon Black, Jamie Dimon, and the Walton family have now sold a combined $11 billion in company stock this month",META,META,reddit,stocks,8374458,1143
2024-02-16T11:35:44.314Z,How would other Mag7 be impacted by NVDA's earnings?,META,META,reddit,stocks,8374459,1170
2025-01-30T13:57:10.592Z,1/30) - Thursday's Pre-Market News & Stock Movers,META,META,reddit,stocks,8374461,1160
2024-11-01T21:40:16.674Z,Why is META struggling after such strong earnings?,META,META,reddit,stocks,8374463,1182
2024-03-27T16:54:55.391Z,"Amazon spends $2.75B on AI startup Anthropic, its largest venture investment",META,META,reddit,stocks,8374458,1143
2024-04-11T00:39:22.592Z,My bearish thesis on $META,META,META,reddit,stocks,8374461,1160
2024-02-08T17:21:02.420Z,"At what point do you decide to sell some of your shares to take profits, and what do you do with those profits?",META,META,reddit,stocks,8374459,1170
2024-02-22T20:28:17.333Z,Reddit files to list IPO on NYSE under the ticker RDDT,META,META,reddit,stocks,8374458,1143
2024-02-09T18:49:32.350Z,Bloomberg is losing within a week this time ...,META,META,reddit,stocks,8374461,1160
2024-02-08T14:51:01.994Z,What company will be a household name in the next 5-10 years?,META,META,reddit,stocks,8374458,1143
2024-05-03T03:19:24.809Z,"Rate cuts, market up. No rate cuts, market up.",META,META,reddit,stocks,8374459,1170
2024-09-19T12:34:45.792Z,(9/19) - Thursday's Pre-Market News & Stock Movers,META,META,reddit,stocks,8374461,1160
2024-06-06T01:17:01.144Z,A tale of two markets: Jobs market vs Stock market,META,META,reddit,stocks,8374461,1160
2024-08-01T18:13:46.155Z,Analyzing the Analysts: Using average analyst price target to identify buying opportunities amongst the top 100 companies in the S&P,META,META,reddit,stocks,8374461,1160
2025-01-26T18:27:18.942Z,"Apple Remains a Threat in AR, Even as Meta and Google Race Ahead",META,META,reddit,stocks,8374459,1170
2024-08-27T17:20:30.310Z,What could stop the NVDIA frenzy?,META,META,reddit,stocks,8374461,1160
2024-11-13T13:53:29.586Z,Best AI stocks to invest in right now?,META,META,reddit,investing,2930303,920
2024-12-29T22:47:12.284Z,"Are any Mag 7 Stocks worth buying right now for long term, if not which are worth waiting for in 2025?",META,META,reddit,investing,2930302,920
2025-01-06T21:10:21.116Z,Recommendations for Portfolio Analysis Software,META,META,reddit,investing,2930302,920
2024-02-12T06:48:59.238Z,Sell $META to buy $O? Wwyd?,META,META,reddit,investing,2930303,920
2024-03-01T17:13:05.650Z,"Once a Hot Stock-Market Trend Has a Name, Its Best Days Are Likely too late",META,META,reddit,investing,2930303,920
2025-01-27T05:28:22.929Z,"I'm surprised brokerages/exchanges haven't figured out how to make customized dynamic ""index funds"" for customers yet",META,META,reddit,investing,2930302,920
2025-01-11T14:06:41.183Z,Is it important for investors to differentiate between value and growth stocks?,META,META,reddit,investing,2930302,920
2024-03-21T02:36:22.781Z,How will Googles attempts at AI not kill their search revenue?,META,META,reddit,investing,2930302,920
2025-01-28T06:59:16.635Z,Tried to warn people about being too heavy into NVDA days before this. You might see a 1 trillion dollar fall in market cap in 1 day soon,META,META,reddit,investing,2930303,920
2024-11-23T04:41:43.879Z,Thoughts on this allocation? (AI Theme),META,META,reddit,investing,2930302,920
2025-01-24T19:28:59.713Z,Trying to understand the Stock Market Cycles - Bitcoin cycles,META,META,reddit,investing,2930303,920
2024-04-28T17:25:08.970Z,Congressman McCaul's buys META before pushing for his TikTok Ban bill.,META,META,reddit,investing,2930302,920
2024-11-13T22:29:46.011Z,Portfolio thoughts + stock picks,META,META,reddit,investing,2930303,920
2024-06-10T23:47:25.867Z,Fiverr - An unfairly beaten down 'pandemic stock'? An Investment Thesis for what currently looks like a contrarian bet.,META,META,reddit,investing,2930302,920
2024-04-16T14:26:20.629Z,Is it Time to Bail on Apple?,META,META,reddit,investing,2930303,920
2024-12-17T21:22:09.708Z,"First time beating the SP500 in 3 years. Also, reached my second goal of half a milli",META,META,reddit,investing,2930302,920
2024-09-02T16:45:39.070Z,How to decide asset allocation for individual stocks,META,META,reddit,investing,2930302,920
2024-08-03T13:33:02.233Z,Looking to pick myself up and make a long time investment strategy after years of investing poorly,META,META,reddit,investing,2930303,920
2024-09-27T15:16:14.686Z,Screening for companies help,META,META,reddit,investing,2930303,920
2025-01-18T20:40:37.693Z,Last Trump post was 2 months ago... what's changed?,META,META,reddit,investing,2930303,920
2024-12-01T22:51:45.004Z,Investing $25K Inheritance,META,META,reddit,investing,2930302,920
2025-01-07T02:53:11.743Z,Uber: A Great Buying Opportunity In Current Markets,META,META,reddit,investing,2930302,920
2024-09-30T05:59:45.738Z,Anybody else investing mostly in companies whose products/services they personally use and love?,META,META,reddit,investing,2930302,920
2025-01-07T18:58:01.608Z,Nvidia: Expect Valuation To Soar Higher On 2025's AI Spending Increases,META,META,reddit,investing,2930303,920
2024-06-18T18:41:41.132Z,Investing in Direxion Single Stock ETF's,META,META,reddit,investing,2930303,920
2025-01-07T22:49:29.007Z,Meta revenue went from $8.9B in 2013 to $156.23 in 2024 - what drove this?,META,META,reddit,investing,2930302,920
2024-12-08T18:16:40.691Z,Portfolio allocation talk,META,META,reddit,investing,2930302,920
2024-11-19T05:07:52.312Z,Should I change my investment mix?,META,META,reddit,investing,2930302,920
2024-10-15T23:46:25.254Z,"I reviewed a few of my mutual funds, I was very surprised what I found.",META,META,reddit,investing,2930302,920
2024-06-18T13:15:37.541Z,Investing Ethically: I would like to invest in the S+P 500 but exclude any overall unethical companies.,META,META,reddit,investing,2930303,920
2024-05-01T16:25:26.239Z,What do you like and not like about VGT?,META,META,reddit,investing,2930302,920
2024-12-09T05:30:57.991Z,investment portfolio good? (21m),META,META,reddit,investing,2930302,920
2024-08-02T16:54:58.659Z,Concentrate into companies or S&P ETFs?,META,META,reddit,investing,2930302,920
2024-12-16T14:08:16.841Z,2.5 year follow-up on buying the dip on pandemic stocks,META,META,reddit,investing,2930302,920
2024-02-24T05:34:51.165Z,Nvidia is the â€˜Magnificent Oneâ€™ now â€” but these rivals are closing in,META,META,reddit,investing,2930302,920
2024-12-24T01:11:47.833Z,2x Leverage ETF Ticker List (And Short/Inverse ETFs),META,META,reddit,investing,2930302,920
2024-02-18T22:59:22.987Z,Which Magnificent Seven company(ies) do you think will underperform the S&P over the next decade?,META,META,reddit,investing,2930302,920
2025-01-06T09:35:45.636Z,Mag7 - Personal experiment 2024,META,META,reddit,investing,2930302,920
2024-09-25T16:11:47.880Z,Top Growth stocks with 2x leveraged etfs!!!,META,META,reddit,investing,2930303,920
2024-07-06T03:45:57.064Z,Recommended app for someone new,META,META,reddit,investing,2930302,920
2025-01-29T04:12:15.476Z,Communication Services stocks for this quarter?,META,META,reddit,investing,2930302,920
2024-06-27T16:51:52.946Z,Can someone help me read this chart?,META,META,reddit,investing,2930303,920
2024-10-07T14:03:21.392Z,To sell or not sell long positions. Why or why not?,META,META,reddit,investing,2930302,920
2024-04-12T19:23:51.504Z,"Debating which stock to add next to portoflio: UNH, MCD, HD, or PEP?",META,META,reddit,investing,2930302,920
2024-12-16T19:27:44.055Z,Achieved my first milestone after 3 years!,META,META,reddit,investing,2930302,920
2025-01-13T20:54:58.420Z,If you could only buy up to 10 stocks today and keep them for 10-20 years what would they be?,META,META,reddit,investing,2930302,920
2025-01-14T19:32:36.456Z,Managed account didnâ€™t perform as expected,META,META,reddit,investing,2930303,920
2024-06-28T04:13:00.722Z,â€œDiversification is a protection against ignoranceâ€ -WB,META,META,reddit,investing,2930303,920
2024-10-15T17:01:21.459Z,"""frontier tech"" portfolio",META,META,reddit,investing,2930303,920
2024-02-09T14:41:00.910Z,Nvidia launches custom chip business,META,META,reddit,investing,2930302,920
2024-12-29T00:26:31.037Z,"Monthly Investing Update: $1,000/week Journey to Financial Freedom",META,META,reddit,investing,2930302,920
2024-10-31T16:07:45.573Z,META down on earnings as predicted.,META,META,reddit,investing,2930303,920
2024-03-19T21:55:56.583Z,Is Reddit's IPO a buy? ...Sam Altman owns 8.7%!,META,META,reddit,investing,2930303,920
2025-01-21T17:46:08.994Z,How has big tech grown FCF so rapidly?,META,META,reddit,investing,2930302,920
2025-01-14T08:31:24.559Z,After tik tok ban do you think meta's stock will rise in 2025?,META,META,reddit,investing,2930303,920
2024-04-25T17:39:03.316Z,Individual stocks or VTI/VOO Etf?,META,META,reddit,investing,2930303,920
2024-06-24T09:54:53.817Z,Market questions and advice,META,META,reddit,investing,2930303,920
2024-12-23T16:12:33.418Z,"When Tech Eventually Fizzles, Will U.S. Continue to Dominate? Backtesting Excluding Tech vs. Global Markets",META,META,reddit,investing,2930303,920
2024-02-13T14:28:31.986Z,"Looking at historical data, does it show that this is the worst time to ever invest in the stock market?",META,META,reddit,investing,2930303,920
2024-10-05T17:12:12.487Z,American Funds generally exclude Nvidia. So disappointing.,META,META,reddit,investing,2930303,920
2024-03-27T02:35:38.811Z,How can anyone take ESG funds seriously when companies like META are featured so prominently,META,META,reddit,investing,2930302,920
2024-07-15T14:41:00.669Z,Active IRA management vs index funds and ETFs?,META,META,reddit,investing,2930303,920
2024-02-27T02:07:58.766Z,$COCO VitaCoco: more expensive than Meta â€”> Short?,META,META,reddit,investing,2930303,920
2024-10-24T16:39:50.833Z,PM was a good buy before earnings; but why?,META,META,reddit,investing,2930303,920
2025-01-11T09:21:35.800Z,"Stocks that doubled or more in 2 years (AMZN,GOOG,MSFT). If we have a correction how much will they likely pull back?",META,META,reddit,investing,2930303,920
2024-06-26T00:29:40.919Z,Top Names to Invest in the Metaverse,META,META,reddit,investing,2930303,920
2024-07-04T07:50:11.452Z,Current analyst ratings of the 10 biggest US stocks,META,META,reddit,investing,2930303,920
2024-02-07T10:32:29.383Z,What does your individual stock holdings look like for long term?,META,META,reddit,investing,2930302,920
2024-11-11T23:55:01.085Z,Bitcoin and AI sector ETFs?,META,META,reddit,investing,2930303,920
2024-06-03T14:04:35.153Z,2 year follow-up on buying the dip on pandemic stocks,META,META,reddit,investing,2930302,920
2024-04-24T21:15:47.476Z,Metaâ€™s new AI feature looks kind of useless.,META,META,reddit,investing,2930302,920
2024-09-24T20:26:23.942Z,What some network effect business you invest?,META,META,reddit,investing,2930302,920
2025-01-23T00:40:07.221Z,META has changed (short?),META,META,reddit,investing,2930303,920
2025-01-02T12:03:52.121Z,Is this an okay investment portfolio allocation?,META,META,reddit,investing,2930302,920
2025-01-02T17:44:09.215Z,Are these stocks risky for the Long Term? Whatâ€™s your opinion on them? Are they buys right now?,META,META,reddit,investing,2930303,920
2024-10-18T18:48:34.579Z,More and more highly capitalized stocks are reaching their ATH or yearly highs every day or every week... Are you selling those positions? Are you waiting for the momentum to slow down before shorting? Will you buy the dip when these stocks drop by -10% or -20%...?,META,META,reddit,investing,2930303,920
2024-08-28T21:20:51.765Z,How do you do a proper research on a company?,META,META,reddit,investing,2930302,920
2024-12-18T06:55:25.875Z,Investment strategy for my Roth IRA,META,META,reddit,investing,2930302,920
2024-05-01T06:04:31.533Z,Any way I can invest just in vr?,META,META,reddit,investing,2930303,920
2024-08-28T17:27:53.756Z,Call me crazy but ROI on AI is already good,META,META,reddit,investing,2930303,920
2024-05-12T16:41:51.312Z,Investing Inheritance and letting it sit for a decade+,META,META,reddit,investing,2930302,920
2024-10-09T07:16:12.043Z,Rate these daily buys on my secondary account.,META,META,reddit,investing,2930303,920
2024-10-30T11:54:00.054Z,When should I get back into Meta?,META,META,reddit,investing,2930303,920
2024-04-20T03:02:12.759Z,Days like this show the power of diversification when picking an index fund,META,META,reddit,investing,2930302,920
2024-04-03T12:42:50.564Z,Is it easy to â€œbeat the marketâ€ now?,META,META,reddit,investing,2930303,920
2025-01-07T23:24:38.733Z,Are any of these stocks buys at the moment? How will they thrive long term?,META,META,reddit,investing,2930303,920
2025-01-05T15:42:39.934Z,"$1,000 Invested Per Week Update 1/5",META,META,reddit,investing,2930303,920
2024-02-22T18:19:32.681Z,"How can I reprogram my mind to be ok with large winners, and to cut losses when it's beneficial.",META,META,reddit,investing,2930303,920
2024-08-01T18:11:55.239Z,Analyzing the Analysts: Using average analyst price target to identify possible buying opportunities amongst the top 100 companies in the S&P,META,META,reddit,investing,2930302,920
2025-01-21T14:17:44.045Z,Meta: this sub seems dead and I think both users and mods are at fault,META,META,reddit,investing,2930302,920
2025-01-11T21:50:22.058Z,Are any of the Mag 7 Stocks a Buy right now?,META,META,reddit,investing,2930302,920
2025-01-08T14:53:35.736Z,What are your top hobby investing holdings?,META,META,reddit,investing,2930302,920
2024-12-16T07:57:33.725Z,Investing in publicly-traded assets to benefit from AI automation,META,META,reddit,investing,2930302,920
2024-12-03T18:58:35.670Z,"Investing question, diversification for diversifications sake",META,META,reddit,investing,2930302,920
2024-05-02T14:40:46.592Z,These are the stocks on my watchlist (5/2),META,META,reddit,StockMarket,3346225,773
2024-08-01T13:22:31.542Z,These are the stocks on my watchlist (8/1),META,META,reddit,StockMarket,3346225,773
2025-01-19T23:40:11.321Z,Rate my 129 stock portfolio,META,META,reddit,StockMarket,3346224,777
2024-06-13T00:22:41.769Z,When to decide to sell my bag of individual stocks?,META,META,reddit,StockMarket,3346225,773
2024-06-02T15:23:23.154Z,"Top 10 S&P 500 Companies' Market Cap Exceeds the Combined GDP of Germany, Japan, India, and the UK",META,META,reddit,StockMarket,3346225,773
2024-11-06T16:30:29.452Z,+$1000 in My Portfolio Thanks to TSLA's 12% Jump â€“ Other Sectors Hit Hard,META,META,reddit,StockMarket,3346225,773
2024-03-15T05:13:06.932Z,Disney's response to Peltz's whitepaper: link in caption.,META,META,reddit,StockMarket,3346225,773
2024-12-21T12:05:25.942Z,"Hello, guys is there any chat where y all share opinions with each other while buying or selling? 10 brain will act better in 1 body",META,META,reddit,StockMarket,3346224,777
2025-01-29T08:47:39.692Z,DeepseekV3 outperforms GPT-o4 and Llma in benchmark test. Anyone can run the test them to verify.,META,META,reddit,StockMarket,3346225,773
2025-01-29T15:44:27.623Z,"Yann LeCun... Professor at NYU. Chief AI Scientist at Meta... ""The market reactions to DeepSeek are woefully unjustified""",META,META,reddit,StockMarket,3346225,773
2024-04-25T11:41:35.138Z,Look at forward guidance and not earnings,META,META,reddit,StockMarket,3346225,773
2024-04-30T14:08:47.934Z,These are the stocks on my watchlist (4/30),META,META,reddit,StockMarket,3346225,773
2024-12-19T01:43:21.454Z,Thanks for nothing Jerome.,META,META,reddit,StockMarket,3346225,773
2024-05-06T13:19:13.400Z,These are the stocks on my watchlist (5/6),META,META,reddit,StockMarket,3346225,773
2024-02-03T10:02:46.985Z,Meta sold at $210,META,META,reddit,StockMarket,3346225,773
2025-01-30T14:22:13.134Z,These are the stocks on my watchlist (01/30),META,META,reddit,StockMarket,3346225,773
2024-04-10T13:55:01.784Z,These are the stocks on my watchlist (4/10),META,META,reddit,StockMarket,3346225,773
2024-02-04T19:50:33.887Z,"I didnâ€™t get that FB 20%, whatâ€™s next",META,META,reddit,StockMarket,3346224,777
2024-04-25T14:40:04.823Z,These are the stocks on my watchlist (4/25),META,META,reddit,StockMarket,3346225,773
2024-10-31T01:03:15.874Z,(META) Rules Review - Portfolio Review Posts,META,META,reddit,StockMarket,3346225,773
2024-02-15T19:20:49.111Z,Thoughts?,META,META,reddit,StockMarket,3346224,777
2024-06-07T02:06:34.908Z,Sing of a coming bear market?,META,META,reddit,StockMarket,3346224,777
2024-12-20T17:58:40.672Z,The current stock market,META,META,reddit,StockMarket,3346225,773
2024-06-14T19:58:53.698Z,Great businesses that will not pay dividends over the next 30 years?,META,META,reddit,StockMarket,3346225,773
2024-11-11T06:02:39.793Z,Last week's high volume stocks,META,META,reddit,StockMarket,3346225,773
2024-05-01T14:56:01.789Z,These are the stocks on my watchlist (5/1),META,META,reddit,StockMarket,3346225,773
2025-01-20T05:18:21.381Z,What are stocks are senators & Congress buying,META,META,reddit,StockMarket,3346225,773
2024-12-07T02:25:28.929Z,$RDDT value makes no sense.,META,META,reddit,StockMarket,3346224,777
2025-01-06T09:38:51.734Z,Mag7 - Personal experiment 2024,META,META,reddit,StockMarket,3346225,773
2024-10-30T13:11:44.377Z,These are the stocks on my watchlist (10/30),META,META,reddit,StockMarket,3346225,773
2024-07-10T00:06:44.499Z,Nvidia and the Mag 7,META,META,reddit,StockMarket,3346225,773
2024-07-31T13:22:54.981Z,These are the stocks on my watchlist (7/31),META,META,reddit,StockMarket,3346225,773
2024-12-25T03:16:37.391Z,Potential AI stock? I would love to spot the next NVIDIA ðŸŽ„ðŸ§‘â€ðŸŽ„,META,META,reddit,StockMarket,3346225,773
2024-09-04T02:02:37.521Z,Fundamentals behind a USA market drop this week & some positives,META,META,reddit,StockMarket,3346225,773
2024-10-21T13:18:20.869Z,These are the stocks on my watchlist (10/21),META,META,reddit,StockMarket,3346225,773
2024-02-05T17:33:14.779Z,S&P 20 years ago versus today. Via @alerts on IG,META,META,reddit,StockMarket,3346225,773
2025-01-31T14:21:25.850Z,These are the stocks on my watchlist (01/31),META,META,reddit,StockMarket,3346225,773
2024-04-25T09:02:30.082Z,The Next Big Thing,META,META,reddit,StockMarket,3346225,773
2024-07-13T23:19:07.653Z,What are your plays for next week?,META,META,reddit,StockMarket,3346225,773
2024-04-22T16:57:32.661Z,We are at the declining/cool down phase of Tech,META,META,reddit,StockMarket,3346225,773
2025-01-22T16:11:27.150Z,any advice on improvement for my portfolio?,META,META,reddit,StockMarket,3346225,773
2024-12-05T17:52:40.593Z,Seeking Feedback on My 200k Investment Strategy at 24,META,META,reddit,StockMarket,3346225,773
2024-12-31T21:07:58.000Z,Best AI stocks to invest in 2025,META,META,reddit,StockMarket,3346225,773
2024-07-31T20:22:58.250Z,"Meta shares pop on revenue and earnings beat, better than expected forecast",META,META,reddit,StockMarket,3346225,773
2024-10-30T20:09:00.594Z,Meta Reports Third Quarter 2024 Results,META,META,reddit,StockMarket,3346225,773
2024-08-01T00:11:43.864Z,Meta beats Q2 expectations but warns of 'significant' spending expansion in 2025,META,META,reddit,StockMarket,3346225,773
2024-11-04T17:03:27.881Z,Any changes I can make on my portfolio?,META,META,reddit,StockMarket,3346225,773
2024-11-26T09:14:31.510Z,"AI Spending Isnâ€™t Slowing Down, the Mag 7 Stocks Are Still the Best Bet",META,META,reddit,StockMarket,3346225,773
2024-03-12T14:44:34.278Z,Which companies could be worth looking into in relation to the recent AI-rocket?,META,META,reddit,StockMarket,3346225,773
2024-12-26T23:35:21.759Z,18yo just started stocks recently besides some stupid options plays,META,META,reddit,StockMarket,3346225,773
2024-04-26T14:32:04.798Z,These are the stocks on my watchlist (4/26),META,META,reddit,StockMarket,3346225,773
2024-12-27T17:20:33.042Z,We are blood red,META,META,reddit,StockMarket,3346225,773
2024-08-04T15:52:18.624Z,Apple Intelligence Has a Long Way to Go to Match Its Marketing Hype,META,META,reddit,StockMarket,3346225,773
2024-05-03T14:26:58.856Z,These are the stocks on my watchlist (5/3),META,META,reddit,StockMarket,3346225,773
2025-01-08T15:00:50.428Z,Market reset?,META,META,reddit,StockMarket,3346225,773
2024-05-09T16:10:16.039Z,Scatterchart/plot?,META,META,reddit,StockMarket,3346225,773
2024-08-02T01:16:06.619Z,Amazon reports revenue miss for second quarter and issues disappointing guidance,META,META,reddit,StockMarket,3346225,773
2025-02-01T02:50:20.301Z,NVDA META GOOG MFST huge amount of order pop up at 4pm market close,META,META,reddit,StockMarket,3346225,773
2024-04-29T13:59:15.418Z,These are the stocks on my watchlist (4/29),META,META,reddit,StockMarket,3346225,773
2024-02-02T04:36:45.360Z,Can we finally admit this market will never go down again in our lifetime,META,META,reddit,StockMarket,3346224,777
2025-02-01T12:48:38.189Z,Rate my individual stocks,META,META,reddit,StockMarket,3346225,773
2024-08-05T14:01:53.421Z,It's a bloodbath,META,META,reddit,StockMarket,3346225,773
2024-11-06T14:15:58.798Z,These are the stocks on my watchlist (11/6),META,META,reddit,StockMarket,3346225,773
2024-12-27T02:26:37.420Z,My Portfolio & Strategy (Check it out),META,META,reddit,StockMarket,3346225,773
2024-11-22T22:28:38.995Z,Buying random stock once a month?,META,META,reddit,StockMarket,3346225,773
2024-02-01T15:25:47.695Z,These are the stocks on my watchlist (2/1),META,META,reddit,StockMarket,3346225,773
2025-01-02T15:18:52.471Z,So keep looking at tech stocks in 2025?,META,META,reddit,StockMarket,3346225,773
2024-04-12T16:56:43.449Z,"I think we might be looking at more hurt for the next couple of weeks as earnings for big tech start coming in, coupled with middle east mess",META,META,reddit,StockMarket,3346225,773
2024-11-15T21:02:37.747Z,S&P 500 on Friday Nov 15,META,META,reddit,StockMarket,3346225,773
2024-08-08T15:26:50.901Z,Why does the market drop like this when it closes?,META,META,reddit,StockMarket,3346225,773
2024-10-03T21:26:44.857Z,Been investing since I was 18 advice to tweak my portfolio first three pictures are my brokerage account last 2 are my Roth IRA,META,META,reddit,StockMarket,3346225,773
2024-05-04T00:14:25.192Z,What stocks should I add to my portfolio?,META,META,reddit,StockMarket,3346225,773
2024-03-12T13:12:00.449Z,"Hi, why would a stock do this?? (I'm dumb)",META,META,reddit,StockMarket,3346225,773
2024-10-09T23:42:26.948Z,"Any advice, comments or thoughts?",META,META,reddit,StockMarket,3346225,773
2024-02-03T19:28:05.559Z,Snap earnings next week,META,META,reddit,StockMarket,3346225,773
2024-10-30T20:14:22.945Z,Advice/opinions?,META,META,reddit,StockMarket,3346225,773
2024-11-09T00:37:40.015Z,How would you manage this? I kinda wanna sell while I'm up,META,META,reddit,StockMarket,3346224,777
2024-05-24T03:39:14.151Z,Is it too late for me to invest now?,META,META,reddit,StockMarket,3346225,773
2024-06-07T21:33:56.305Z,50 Most Valuable Companies Worldwide,META,META,reddit,StockMarket,3346225,773
2024-02-05T20:03:34.534Z,Meta Warns That Mark Zuckerbergâ€™s Love of MMA Could Hit Its Bottom Line,META,META,reddit,StockMarket,3346225,773
2024-10-23T18:11:37.907Z,The Nasdaq 100 lndex fell by more than 2 per cent,META,META,reddit,StockMarket,3346225,773
2024-02-09T15:02:01.768Z,What Walmartâ€™s ($WMT) stock split means for the Dow Jones.,META,META,reddit,StockMarket,3346225,773
2025-01-31T01:05:45.107Z,Drop VOO and go individual mag7? Just over 1k. Want to set and forget. Will add a few hundred weekly as my savings account has grown dollars in yearsâ€¦ is this how it all starts?,META,META,reddit,StockMarket,3346225,773
2025-01-27T07:50:55.813Z,"Dow Jones Futures Fall As DeepSeek Threatens Nvidia; Meta, Tesla, Microsoft Earnings Due",META,META,reddit,StockMarket,3346225,773
2024-12-23T15:20:32.897Z,Can someone please tell me which stock app this is?,META,META,reddit,StockMarket,3346225,773
2024-08-28T21:39:20.647Z,"Buffettâ€™s Berkshire Hathaway hits $1 trillion market value, first U.S. company outside of tech to do so",META,META,reddit,StockMarket,3346225,773
2025-01-19T03:42:44.496Z,TikTok Ban in the U.S. â€” Potential Stock Market Impacts?,META,META,reddit,StockMarket,3346225,773
2024-08-01T18:14:38.542Z,Analyzing the Analysts: Using average analyst price target to identify possible buying opportunities amongst the top 100 companies in the S&P,META,META,reddit,StockMarket,3346225,773
2025-01-04T03:46:26.912Z,What to cut?,META,META,reddit,StockMarket,3346225,773
2024-10-30T18:07:00.163Z,Need advice,META,META,reddit,StockMarket,3346225,773
2024-07-12T13:21:28.426Z,ARKG & ARKK,META,META,reddit,StockMarket,3346225,773
2024-02-23T23:44:26.653Z,I had a motley fool subscription back in 2020-2022. Do we think their highest conviction stock picks report from 2022 will be right?,META,META,reddit,StockMarket,3346225,773
2024-08-20T16:56:26.652Z,Amazon partnering with Tiktok,META,META,reddit,StockMarket,3346225,773
2025-01-18T20:25:22.079Z,8 growth stocks for January 2025,META,META,reddit,StockMarket,3346225,773
2024-08-22T16:04:39.429Z,What is happening right now with the market,META,META,reddit,StockMarket,3346224,777
2024-11-23T05:23:00.339Z,Thoughts on this allocation? (AI Theme),META,META,reddit,StockMarket,3346225,773
2024-03-05T15:51:40.357Z,I guess best time to by options of mata,META,META,reddit,StockMarket,3346225,773
2024-05-04T13:29:11.259Z,My entire portfolio was liquidated in minutes (huge mistake with stop loss!),META,META,reddit,StockMarket,3346225,773
2024-05-30T14:32:32.788Z,The Growth of Top Tech Stocks ( 5-yr period),META,META,reddit,StockMarket,3346225,773
2025-01-31T02:48:54.798Z,"AMD, the biggest winner of Deepseek case ?",META,META,reddit,StockMarket,3346225,773
2025-01-27T17:09:17.870Z,Seems like it's a well coodinated efforts by the WS shorters. I can't wait to see Gemma Squeeze,META,META,reddit,StockMarket,3346225,773
2025-01-05T14:31:31.387Z,Robinhood Business Model: The First Taste is Always Free,META,META,reddit,StockMarket,3346225,773
2024-03-29T04:16:24.540Z,Advice would be good,META,META,reddit,StockMarket,3346225,773
2025-01-16T14:12:42.062Z,These are the stocks on my watchlist (01/16),META,META,reddit,StockMarket,3346225,773
2024-12-27T04:39:31.511Z,"What I learned from Jefferies's latest investment report, about AI software stock opportunities in 2025...",META,META,reddit,StockMarket,3346225,773
2024-08-20T15:40:34.540Z,Microsoft's dominant 21st century offers a key lesson for stock market investors,META,META,reddit,StockMarket,3346225,773
2024-07-13T17:06:40.668Z,Is this a good investing idea for an 18 year old,META,META,reddit,StockMarket,3346225,773
2024-07-09T19:25:46.449Z,Stocks on my watchlist for Wednesday,META,META,reddit,StockMarket,3346225,773
2024-08-01T10:26:18.652Z,Meta's Technical Analysis -- Strong Earnings Drive Gains,META,META,reddit,StockMarket,3346225,773
2024-11-01T17:28:09.668Z,3 Penny Stocks to add to your watchlist in November 2024 - Stocksy's Weekly DD,META,META,reddit,pennystocks,2023943,719
2024-04-15T13:27:18.342Z,OTC Pick of the Day - Partnering w/ Microsoft! Lots of Potential,META,META,reddit,pennystocks,2023943,719
2024-09-25T14:07:33.691Z,$AGBA $2.00 +2.56% $AGBA 's merger with Triller Corp. is on track to close.,META,META,reddit,pennystocks,2023943,719
2024-09-14T09:36:31.866Z,Research and detailed analysis on High Tide inc ( $HITI : Nasdaq),META,META,reddit,pennystocks,2023943,719
2024-08-02T18:10:39.270Z,Updates For Getting Payment in Meta Materials $3M Investor Settlement,META,META,reddit,pennystocks,2023943,719
2024-09-26T18:24:45.881Z,"3 Penny stocks that may bring you to the promised land (maybe, nfa ofc) - Stocksy's Weekly DD",META,META,reddit,pennystocks,2023943,719
2024-02-05T17:20:07.965Z,"Element79 gold climbs to new highs after offtake deal with 4 billion dollar gold producer (CSE: ELEM, OTC: ELMGF, FSE:7YS)",META,META,reddit,pennystocks,2023943,719
2024-12-30T12:04:16.068Z,KULR - Cooling off?,META,META,reddit,pennystocks,2023943,719
2024-12-30T20:44:19.297Z,ASNS Ready For ðŸš€,META,META,reddit,pennystocks,2023943,719
2024-12-23T17:30:27.029Z,OneMeta Inc. (OTCQB: ONEI) and Carahsoft Partner to Revolutionize Multilingual Communication for U.S. Government Agencies,META,META,reddit,pennystocks,2023943,719
2024-03-05T06:47:21.148Z,AI has become the key to the chip industry recovery: Meta / Microsoft / WiMi develop their AI technology,META,META,reddit,pennystocks,2023943,719
2024-05-22T07:20:08.978Z,BCI technology shapes the future pattern of technology; WiMi is steadily entering a new era,META,META,reddit,pennystocks,2023943,719
2025-01-31T16:37:55.153Z,Updates on MMAT Bankruptcy and the $3M Investor Settlement,META,META,reddit,pennystocks,2023943,719
2025-01-31T07:20:30.799Z,Wearable Devices Ltd. $WLDS Has A Big Opportunity... (Meta / Apple are behind),META,META,reddit,pennystocks,2023943,719
2024-04-24T05:58:47.486Z,The Google I / O 2024 conference is coming soon; WiMi is preparing its XR Comprehensive field layout,META,META,reddit,pennystocks,2023943,719
2024-02-05T08:32:23.465Z,"Vision Pro leads an AR trend, Mpre companies started their strategic layout in AR market",META,META,reddit,pennystocks,2023943,719
2025-01-06T22:17:28.613Z,Digital Turbine ($APPS) â€” On-Device AdTech Business With Growth Potential (My DD),META,META,reddit,pennystocks,2023943,719
2024-08-07T00:52:00.404Z,LiveOne is the latest entertainment company stock to watch,META,META,reddit,pennystocks,2023943,719
2024-04-10T07:02:39.855Z,Market scale of the digital economy is expanding(NASDAQ: WIMI),META,META,reddit,pennystocks,2023943,719
2024-09-03T07:28:29.956Z,Deep Dive into WiMi Hologram Cloud,META,META,reddit,pennystocks,2023943,719
2024-09-27T20:37:12.439Z,MMAT Bankruptcy Update And $3M Investor Settlement News,META,META,reddit,pennystocks,2023943,719
2024-12-02T10:37:34.056Z,Research and detailed analysis on High Tide inc ( $HITI : Nasdaq),META,META,reddit,pennystocks,2023943,719
2025-01-22T16:50:55.288Z,Winvest Group (OTC: WNLV): Leading the Metaverse Revolution,META,META,reddit,pennystocks,2023943,719
2024-04-12T01:15:49.583Z,New addition to the watchlist : OneMeta ($ONEI) + $TOON flew another 25% today,META,META,reddit,pennystocks,2023943,719
2024-10-15T16:32:02.782Z,AGBA Group Holding Ltd (NASDAQ: AGBA) may win the award for the most unusual stock split of the year.â€,META,META,reddit,pennystocks,2023943,719
2024-05-07T03:50:23.279Z,$DATS to join the Meme Stock Rally?,META,META,reddit,pennystocks,2023943,719
2024-02-28T07:02:02.250Z,Holographic / VR / AR Industry Development Dynamic Weekly Report for Week 7 of 2024(February 12- 18),META,META,reddit,pennystocks,2023943,719
2024-12-12T23:39:44.533Z,3 Penny stocks that may just fck around and go 10x - Stocksy's Weekly DD,META,META,reddit,pennystocks,2023943,719
2024-03-08T12:53:20.991Z,Does VRSSF threaten NVDA?,META,META,reddit,pennystocks,2023943,719
2024-03-05T20:01:03.570Z,VERSES AI ($VRSSF) Leaves a Lasting Impression at World Economic Forum Annual Meeting 2024,META,META,reddit,pennystocks,2023943,719
2024-02-15T15:50:18.403Z,$CAUD staking it's claim in the ad-tech market,META,META,reddit,pennystocks,2023943,719
2024-04-15T01:20:14.825Z,Waiting For One-Meta ($ONEI) Partnership With Microsoft,META,META,reddit,pennystocks,2023943,719
2025-01-17T16:44:15.519Z,"$ONEI S-1/A : Offering Registrations -> submitted AMENDMENT NO. 1 TO FORM S-1, NYSE coming soon, one step ahead. What do you think on this one?",META,META,reddit,pennystocks,2023943,719
2025-01-02T15:01:36.919Z,$WLDS - neural tech with big brand partnerships ðŸ‘€,META,META,reddit,pennystocks,2023943,719
2024-05-17T07:51:58.542Z,"Nextech3d.ai , Penny stocks with 10-bagger potential",META,META,reddit,pennystocks,2023943,719
2024-04-17T13:22:55.991Z,Best Risk-to Reward Set Up This Week: $ONEI Testing its 2024 Trendline,META,META,reddit,pennystocks,2023943,719
2024-12-20T23:58:13.094Z,"$WLDS (Wearable Devices) - VR/AR player, CES 2025",META,META,reddit,pennystocks,2023943,719
2024-11-12T03:36:21.708Z,Do you like my top 5?,META,META,reddit,pennystocks,2023943,719
2024-12-28T02:48:44.911Z,COWI - CARBONMETA TECHNOLOG,META,META,reddit,pennystocks,2023943,719
2024-02-07T15:25:33.733Z,Is this a good start if I plan to save for 3-5 years,META,META,reddit,robinhood,1015133,123
2024-12-13T17:19:32.299Z,I am 24 and I just recently started investing.,META,META,reddit,robinhood,1015133,123
2024-02-06T05:21:01.024Z,I went up off of a put in META STOCKS,META,META,reddit,robinhood,1015133,123
2024-02-01T16:50:43.936Z,Just Invested My First $500,META,META,reddit,robinhood,1015133,123
2024-04-10T20:44:17.243Z,Any advice on what I should sell or stocks I should keep an eye on?,META,META,reddit,robinhood,1015133,123
2024-02-02T02:35:25.924Z,Am I doing good as an 18 year old college student?,META,META,reddit,robinhood,1015133,123
2024-03-03T19:47:30.224Z,When should i sell or do i just hold,META,META,reddit,robinhood,1015133,123
2024-03-29T02:39:05.405Z,How's my portfolio? Can I do better?,META,META,reddit,robinhood,1015133,123
2024-02-07T22:50:00.920Z,A little over a year of investing,META,META,reddit,robinhood,1015133,123
2024-05-06T13:19:24.410Z,These are the stocks on my watchlist (5/6),META,META,reddit,trading,245921,223
2025-01-06T13:20:30.175Z,$ONEI Momentum Alert,META,META,reddit,trading,245921,223
2024-08-01T13:22:38.314Z,These are the stocks on my watchlist (8/1),META,META,reddit,trading,245921,223
2024-04-26T14:31:57.181Z,These are the stocks on my watchlist (4/26),META,META,reddit,trading,245921,223
2024-10-03T14:55:37.320Z,AUD/USD Daily Report - 3/10/2024,META,META,reddit,trading,245921,223
2025-01-06T01:31:48.023Z,MetaTrader 4,META,META,reddit,trading,245921,223
2024-05-01T14:56:10.464Z,These are the stocks on my watchlist (5/1),META,META,reddit,trading,245921,223
2024-10-02T15:57:47.178Z,Gold forecast : XAUUSD analysis - 2/10/2024,META,META,reddit,trading,245921,223
2024-04-10T13:54:16.353Z,These are the stocks on my watchlist (4/10),META,META,reddit,trading,245921,223
2024-03-18T17:06:50.393Z,Anyone using MetaTrader with Interactive Brokers?,META,META,reddit,trading,245921,223
2025-01-24T15:24:13.935Z,"Top Stock News Today: Metaâ€™s $65B Plan, HCAâ€™s Earnings outlook, and more",META,META,reddit,trading,245921,223
2024-05-30T22:31:46.550Z,Beginner question,META,META,reddit,trading,245921,223
2024-09-03T17:11:50.092Z,Binary options,META,META,reddit,trading,245921,223
2024-03-19T00:36:32.713Z,Where the brokers at ? WTF!,META,META,reddit,trading,245921,223
2024-04-29T13:58:52.752Z,These are the stocks on my watchlist (4/29),META,META,reddit,trading,245921,223
2024-04-30T14:01:08.204Z,These are the stocks on my watchlist (4/30),META,META,reddit,trading,245921,223
2024-10-10T14:34:01.420Z,USD/CHF Mid-Day Outlook - 10/10/2024,META,META,reddit,trading,245921,223
2025-01-07T13:01:14.198Z,OneMeta Inc. ONEI: Soaring Growth and Expanding Market Reach,META,META,reddit,trading,245921,223
2024-02-09T13:54:40.170Z,09/02 Premarket Report - Everything I'm watching and analysing in premarket as SPX breaks 5k.,META,META,reddit,trading,245921,223
2024-02-01T15:28:08.850Z,These are the stocks on my watchlist (2/1),META,META,reddit,trading,245921,223
2024-04-25T14:39:57.693Z,These are the stocks on my watchlist (4/25),META,META,reddit,trading,245921,223
2024-07-31T13:23:02.024Z,These are the stocks on my watchlist (7/31),META,META,reddit,trading,245921,223
2025-01-24T20:48:56.202Z,Anyone have success trading only the big names etf daily?,META,META,reddit,trading,245921,223
2025-01-28T08:05:51.668Z,How do I start trading in UAE ?,META,META,reddit,trading,245921,223
2025-01-30T05:38:56.381Z,Hereâ€™s my honest take on the Nvidia situation as an 18 year-old pursuing a degree in Finance,META,META,reddit,trading,245921,223
2024-04-05T22:32:11.913Z,Sharing account,META,META,reddit,trading,245921,223
2024-05-02T14:41:02.160Z,These are the stocks on my watchlist (5/2),META,META,reddit,trading,245921,223
2024-09-22T19:38:57.717Z,Are there any ways to run trading bots from my phone?,META,META,reddit,trading,245921,223
2024-04-18T07:33:38.839Z,Drawdown reduction strat for blue-chip stocks,META,META,reddit,trading,245921,223
2025-01-05T19:08:56.523Z,ChatGPT for beginner traders,META,META,reddit,trading,245921,223
2024-04-25T21:10:38.958Z,"Thursday's Markets Update (April 25, 2024)",META,META,reddit,trading,245921,223
2024-07-10T15:48:50.708Z,What is the best UK broker that uses Autochartist?,META,META,reddit,trading,245921,223
2024-09-06T08:33:43.571Z,Research and detailed analysis on High Tide inc ( $HITI : Nasdaq),META,META,reddit,trading,245921,223
2024-05-03T14:27:12.559Z,These are the stocks on my watchlist (5/3),META,META,reddit,trading,245921,223
2025-01-04T19:15:50.676Z,New to Trading,META,META,reddit,trading,245921,223
2024-09-27T16:16:10.126Z,Seeking Recommendations for CME Futures Brokers Compatible with MetaTrader 4/5,META,META,reddit,trading,245921,223
2024-10-12T21:53:51.513Z,Why NVIDIA (NVDA) is Likely to Hit $150 Soon,META,META,reddit,trading,245921,223
2024-02-10T09:09:57.838Z,MetaTrader Lot Size,META,META,reddit,trading,245921,223
2024-12-08T18:17:55.697Z,Portfolio Talk,META,META,reddit,trading,245921,223
